genre_ids,id,title,original_language,popularity,release_date,vote_average,vote_count,release_year,id_genre,name
12,1368337,The Odyssey,en,1012.4511,2026-07-15,8.0,1628,2026,12,Adventure
28,1368337,The Odyssey,en,1012.4511,2026-07-15,8.0,1628,2026,28,Action
14,1368337,The Odyssey,en,1012.4511,2026-07-15,8.0,1628,2026,14,Fantasy
878,1275779,Disclosure Day,en,544.2213,2026-06-10,7.392,1896,2026,878,Science Fiction
53,1275779,Disclosure Day,en,544.2213,2026-06-10,7.392,1896,2026,53,Thriller
28,454639,Masters of the Universe,en,525.923,2026-06-03,7.338,1204,2026,28,Action
14,454639,Masters of the Universe,en,525.923,2026-06-03,7.338,1204,2026,14,Fantasy
878,454639,Masters of the Universe,en,525.923,2026-06-03,7.338,1204,2026,878,Science Fiction
28,1081003,Supergirl,en,511.2893,2026-06-24,6.6,766,2026,28,Action
12,1081003,Supergirl,en,511.2893,2026-06-24,6.6,766,2026,12,Adventure
878,1081003,Supergirl,en,511.2893,2026-06-24,6.6,766,2026,878,Science Fiction
27,1339713,Obsession,en,370.8152,2026-05-13,8.3,3811,2026,27,Horror
53,1339713,Obsession,en,370.8152,2026-05-13,8.3,3811,2026,53,Thriller
16,1084244,Toy Story 5,en,324.9807,2026-06-17,7.4,713,2026,16,Animation
10751,1084244,Toy Story 5,en,324.9807,2026-06-17,7.4,713,2026,10751,Family
35,1084244,Toy Story 5,en,324.9807,2026-06-17,7.4,713,2026,35,Comedy
12,1084244,Toy Story 5,en,324.9807,2026-06-17,7.4,713,2026,12,Adventure
27,1083381,Backrooms,en,337.7548,2026-05-27,7.1,2178,2026,27,Horror
9648,1083381,Backrooms,en,337.7548,2026-05-27,7.1,2178,2026,9648,Mystery
878,1083381,Backrooms,en,337.7548,2026-05-27,7.1,2178,2026,878,Science Fiction
35,1273221,Scary Movie,en,241.1375,2026-06-03,6.489,1203,2026,35,Comedy
16,980431,Avatar Aang: The Last Airbender,en,263.3778,2026-07-24,9.412,319,2026,16,Animation
28,980431,Avatar Aang: The Last Airbender,en,263.3778,2026-07-24,9.412,319,2026,28,Action
12,980431,Avatar Aang: The Last Airbender,en,263.3778,2026-07-24,9.412,319,2026,12,Adventure
14,980431,Avatar Aang: The Last Airbender,en,263.3778,2026-07-24,9.412,319,2026,14,Fantasy
28,1228710,The Mandalorian and Grogu,en,200.6498,2026-05-20,7.3,967,2026,28,Action
12,1228710,The Mandalorian and Grogu,en,200.6498,2026-05-20,7.3,967,2026,12,Adventure
878,1228710,The Mandalorian and Grogu,en,200.6498,2026-05-20,7.3,967,2026,878,Science Fiction
878,687163,Project Hail Mary,en,199.5479,2026-03-15,8.661,6521,2026,878,Science Fiction
12,687163,Project Hail Mary,en,199.5479,2026-03-15,8.661,6521,2026,12,Adventure
35,1314481,The Devil Wears Prada 2,en,149.7769,2026-04-29,7.163,1700,2026,35,Comedy
18,1314481,The Devil Wears Prada 2,en,149.7769,2026-04-29,7.163,1700,2026,18,Drama
28,931285,Mortal Kombat II,en,123.0493,2026-05-06,7.947,2169,2026,28,Action
14,931285,Mortal Kombat II,en,123.0493,2026-05-06,7.947,2169,2026,14,Fantasy
12,931285,Mortal Kombat II,en,123.0493,2026-05-06,7.947,2169,2026,12,Adventure
10402,936075,Michael,en,123.2464,2026-04-22,8.696,3739,2026,10402,Music
18,936075,Michael,en,123.2464,2026-04-22,8.696,3739,2026,18,Drama
28,634649,Spider-Man: No Way Home,en,131.093,2021-12-15,7.935,22327,2021,28,Action
12,634649,Spider-Man: No Way Home,en,131.093,2021-12-15,7.935,22327,2021,12,Adventure
878,634649,Spider-Man: No Way Home,en,131.093,2021-12-15,7.935,22327,2021,878,Science Fiction
878,83533,Avatar: Fire and Ash,en,109.2773,2025-12-17,7.635,3960,2025,878,Science Fiction
12,83533,Avatar: Fire and Ash,en,109.2773,2025-12-17,7.635,3960,2025,12,Adventure
14,83533,Avatar: Fire and Ash,en,109.2773,2025-12-17,7.635,3960,2025,14,Fantasy
27,1304313,Lee Cronin's The Mummy,en,101.645,2026-04-15,7.951,2376,2026,27,Horror
9648,1304313,Lee Cronin's The Mummy,en,101.645,2026-04-15,7.951,2376,2026,9648,Mystery
10751,1226863,The Super Mario Galaxy Movie,en,100.8502,2026-04-01,8.263,3243,2026,10751,Family
35,1226863,The Super Mario Galaxy Movie,en,100.8502,2026-04-01,8.263,3243,2026,35,Comedy
12,1226863,The Super Mario Galaxy Movie,en,100.8502,2026-04-01,8.263,3243,2026,12,Adventure
14,1226863,The Super Mario Galaxy Movie,en,100.8502,2026-04-01,8.263,3243,2026,14,Fantasy
16,1226863,The Super Mario Galaxy Movie,en,100.8502,2026-04-01,8.263,3243,2026,16,Animation
18,278,The Shawshank Redemption,en,114.7426,1994-09-23,8.726,30865,1994,18,Drama
80,278,The Shawshank Redemption,en,114.7426,1994-09-23,8.726,30865,1994,80,Crime
27,1368314,Passenger,en,89.8876,2026-05-20,7.305,606,2026,27,Horror
53,1368314,Passenger,en,89.8876,2026-05-20,7.305,606,2026,53,Thriller
16,1311031,Demon Slayer: Kimetsu no Yaiba Infinity Castle,ja,86.8737,2025-07-18,7.749,915,2025,16,Animation
28,1311031,Demon Slayer: Kimetsu no Yaiba Infinity Castle,ja,86.8737,2025-07-18,7.749,915,2025,28,Action
14,1311031,Demon Slayer: Kimetsu no Yaiba Infinity Castle,ja,86.8737,2025-07-18,7.749,915,2025,14,Fantasy
12,157336,Interstellar,en,80.4032,2014-11-05,8.5,40471,2014,12,Adventure
18,157336,Interstellar,en,80.4032,2014-11-05,8.5,40471,2014,18,Drama
878,157336,Interstellar,en,80.4032,2014-11-05,8.5,40471,2014,878,Science Fiction
28,1290821,Shelter,en,69.4341,2026-01-28,7.767,1580,2026,28,Action
80,1290821,Shelter,en,69.4341,2026-01-28,7.767,1580,2026,80,Crime
53,1290821,Shelter,en,69.4341,2026-01-28,7.767,1580,2026,53,Thriller
12,1007757,Swapped,en,70.2294,2026-05-01,8.894,2011,2026,12,Adventure
16,1007757,Swapped,en,70.2294,2026-05-01,8.894,2011,2026,16,Animation
10751,1007757,Swapped,en,70.2294,2026-05-01,8.894,2011,2026,10751,Family
14,1007757,Swapped,en,70.2294,2026-05-01,8.894,2011,2026,14,Fantasy
28,1439930,The Punisher: One Last Kill,en,64.7555,2026-05-12,8.3,1929,2026,28,Action
18,1439930,The Punisher: One Last Kill,en,64.7555,2026-05-12,8.3,1929,2026,18,Drama
80,1439930,The Punisher: One Last Kill,en,64.7555,2026-05-12,8.3,1929,2026,80,Crime
12,1327819,Hoppers,en,63.8609,2026-03-04,8.184,2037,2026,12,Adventure
16,1327819,Hoppers,en,63.8609,2026-03-04,8.184,2037,2026,16,Animation
35,1327819,Hoppers,en,63.8609,2026-03-04,8.184,2037,2026,35,Comedy
10751,1327819,Hoppers,en,63.8609,2026-03-04,8.184,2037,2026,10751,Family
878,1327819,Hoppers,en,63.8609,2026-03-04,8.184,2037,2026,878,Science Fiction
28,1419406,The Shadow's Edge,zh,65.9068,2025-08-16,7.912,1030,2025,28,Action
80,1419406,The Shadow's Edge,zh,65.9068,2025-08-16,7.912,1030,2025,80,Crime
18,1419406,The Shadow's Edge,zh,65.9068,2025-08-16,7.912,1030,2025,18,Drama
53,1419406,The Shadow's Edge,zh,65.9068,2025-08-16,7.912,1030,2025,53,Thriller
28,27205,Inception,en,61.4897,2010-07-15,8.4,39666,2010,28,Action
878,27205,Inception,en,61.4897,2010-07-15,8.4,39666,2010,878,Science Fiction
12,27205,Inception,en,61.4897,2010-07-15,8.4,39666,2010,12,Adventure
878,755898,War of the Worlds,en,63.362,2025-07-29,4.081,1048,2025,878,Science Fiction
53,755898,War of the Worlds,en,63.362,2025-07-29,4.081,1048,2025,53,Thriller
28,1318447,Apex,en,58.8669,2026-04-24,6.864,1706,2026,28,Action
53,1318447,Apex,en,58.8669,2026-04-24,6.864,1706,2026,53,Thriller
10752,652,Troy,en,62.1324,2004-05-13,7.181,11246,2004,10752,War
28,652,Troy,en,62.1324,2004-05-13,7.181,11246,2004,28,Action
36,652,Troy,en,62.1324,2004-05-13,7.181,11246,2004,36,History
28,19995,Avatar,en,62.7226,2009-12-16,7.61,34288,2009,28,Action
878,19995,Avatar,en,62.7226,2009-12-16,7.61,34288,2009,878,Science Fiction
12,19995,Avatar,en,62.7226,2009-12-16,7.61,34288,2009,12,Adventure
10751,1175942,The Bad Guys 2,en,48.2427,2025-07-24,7.628,835,2025,10751,Family
35,1175942,The Bad Guys 2,en,48.2427,2025-07-24,7.628,835,2025,35,Comedy
80,1175942,The Bad Guys 2,en,48.2427,2025-07-24,7.628,835,2025,80,Crime
12,1175942,The Bad Guys 2,en,48.2427,2025-07-24,7.628,835,2025,12,Adventure
16,1175942,The Bad Guys 2,en,48.2427,2025-07-24,7.628,835,2025,16,Animation
12,299536,Avengers: Infinity War,en,63.4298,2018-04-25,8.2,32381,2018,12,Adventure
28,299536,Avengers: Infinity War,en,63.4298,2018-04-25,8.2,32381,2018,28,Action
878,299536,Avengers: Infinity War,en,63.4298,2018-04-25,8.2,32381,2018,878,Science Fiction
35,1301421,The Sheep Detectives,en,59.5732,2026-04-30,7.9,1188,2026,35,Comedy
10751,1301421,The Sheep Detectives,en,59.5732,2026-04-30,7.9,1188,2026,10751,Family
9648,1301421,The Sheep Detectives,en,59.5732,2026-04-30,7.9,1188,2026,9648,Mystery
28,155,The Dark Knight,en,55.7773,2008-07-16,8.5,36196,2008,28,Action
80,155,The Dark Knight,en,55.7773,2008-07-16,8.5,36196,2008,80,Crime
53,155,The Dark Knight,en,55.7773,2008-07-16,8.5,36196,2008,53,Thriller
878,1234821,Jurassic World Rebirth,en,53.9891,2025-06-23,6.273,3568,2025,878,Science Fiction
12,1234821,Jurassic World Rebirth,en,53.9891,2025-06-23,6.273,3568,2025,12,Adventure
28,1234821,Jurassic World Rebirth,en,53.9891,2025-06-23,6.273,3568,2025,28,Action
878,24428,The Avengers,en,55.3432,2012-04-25,8.059,38899,2012,878,Science Fiction
28,24428,The Avengers,en,55.3432,2012-04-25,8.059,38899,2012,28,Action
12,24428,The Avengers,en,55.3432,2012-04-25,8.059,38899,2012,12,Adventure
18,238,The Godfather,en,49.3532,1972-03-14,8.687,23220,1972,18,Drama
80,238,The Godfather,en,49.3532,1972-03-14,8.687,23220,1972,80,Crime
9648,1368166,The Housemaid,en,49.9536,2025-12-18,7.277,2719,2025,9648,Mystery
53,1368166,The Housemaid,en,49.9536,2025-12-18,7.277,2719,2025,53,Thriller
28,1122573,In the Grey,en,49.4341,2026-05-13,7.6,579,2026,28,Action
53,1122573,In the Grey,en,49.4341,2026-05-13,7.6,579,2026,53,Thriller
28,557,Spider-Man,en,50.7282,2002-05-01,7.338,20929,2002,28,Action
878,557,Spider-Man,en,50.7282,2002-05-01,7.338,20929,2002,878,Science Fiction
28,11770,Shaolin Soccer,cn,42.6159,2001-07-05,7.2,2595,2001,28,Action
35,11770,Shaolin Soccer,cn,42.6159,2001-07-05,7.2,2595,2001,35,Comedy
12,671,Harry Potter and the Philosopher's Stone,en,48.4158,2001-11-16,7.901,29873,2001,12,Adventure
14,671,Harry Potter and the Philosopher's Stone,en,48.4158,2001-11-16,7.901,29873,2001,14,Fantasy
18,872585,Oppenheimer,en,47.0441,2023-07-19,8.0,12082,2023,18,Drama
36,872585,Oppenheimer,en,47.0441,2023-07-19,8.0,12082,2023,36,History
12,122,The Lord of the Rings: The Return of the King,en,50.4067,2003-12-17,8.502,26929,2003,12,Adventure
14,122,The Lord of the Rings: The Return of the King,en,50.4067,2003-12-17,8.502,26929,2003,14,Fantasy
28,122,The Lord of the Rings: The Return of the King,en,50.4067,2003-12-17,8.502,26929,2003,28,Action
878,617126,The Fantastic 4: First Steps,en,51.2317,2025-07-23,6.958,3560,2025,878,Science Fiction
12,617126,The Fantastic 4: First Steps,en,51.2317,2025-07-23,6.958,3560,2025,12,Adventure
28,617126,The Fantastic 4: First Steps,en,51.2317,2025-07-23,6.958,3560,2025,28,Action
12,120,The Lord of the Rings: The Fellowship of the Ring,en,44.3627,2001-12-18,8.439,27932,2001,12,Adventure
14,120,The Lord of the Rings: The Fellowship of the Ring,en,44.3627,2001-12-18,8.439,27932,2001,14,Fantasy
28,120,The Lord of the Rings: The Fellowship of the Ring,en,44.3627,2001-12-18,8.439,27932,2001,28,Action
12,840464,Greenland 2: Migration,en,45.2842,2026-01-07,6.425,1385,2026,12,Adventure
53,840464,Greenland 2: Migration,en,45.2842,2026-01-07,6.425,1385,2026,53,Thriller
878,840464,Greenland 2: Migration,en,45.2842,2026-01-07,6.425,1385,2026,878,Science Fiction
28,1380291,Tom Clancy's Jack Ryan: Ghost War,en,42.7743,2026-05-20,6.992,694,2026,28,Action
53,1380291,Tom Clancy's Jack Ryan: Ghost War,en,42.7743,2026-05-20,6.992,694,2026,53,Thriller
28,533535,Deadpool & Wolverine,en,48.0445,2024-07-24,7.581,9010,2024,28,Action
35,533535,Deadpool & Wolverine,en,48.0445,2024-07-24,7.581,9010,2024,35,Comedy
878,533535,Deadpool & Wolverine,en,48.0445,2024-07-24,7.581,9010,2024,878,Science Fiction
28,315635,Spider-Man: Homecoming,en,45.265,2017-07-05,7.3,23386,2017,28,Action
12,315635,Spider-Man: Homecoming,en,45.265,2017-07-05,7.3,23386,2017,12,Adventure
878,315635,Spider-Man: Homecoming,en,45.265,2017-07-05,7.3,23386,2017,878,Science Fiction
16,1297842,GOAT,en,43.7087,2026-02-11,8.1,935,2026,16,Animation
35,1297842,GOAT,en,43.7087,2026-02-11,8.1,935,2026,35,Comedy
10751,1297842,GOAT,en,43.7087,2026-02-11,8.1,935,2026,10751,Family
18,11012,Damage,en,40.6931,1992-12-02,6.604,711,1992,18,Drama
10749,11012,Damage,en,40.6931,1992-12-02,6.604,711,1992,10749,Romance
28,603,The Matrix,en,42.3277,1999-03-31,8.253,28265,1999,28,Action
878,603,The Matrix,en,42.3277,1999-03-31,8.253,28265,1999,878,Science Fiction
12,1241982,Moana 2,en,42.4807,2024-11-21,6.989,3181,2024,12,Adventure
16,1241982,Moana 2,en,42.4807,2024-11-21,6.989,3181,2024,16,Animation
35,1241982,Moana 2,en,42.4807,2024-11-21,6.989,3181,2024,35,Comedy
10751,1241982,Moana 2,en,42.4807,2024-11-21,6.989,3181,2024,10751,Family
14,1241982,Moana 2,en,42.4807,2024-11-21,6.989,3181,2024,14,Fantasy
10751,862,Toy Story,en,42.3352,1995-11-22,7.984,20217,1995,10751,Family
35,862,Toy Story,en,42.3352,1995-11-22,7.984,20217,1995,35,Comedy
16,862,Toy Story,en,42.3352,1995-11-22,7.984,20217,1995,16,Animation
12,862,Toy Story,en,42.3352,1995-11-22,7.984,20217,1995,12,Adventure
16,1084242,Zootopia 2,en,50.7579,2025-11-26,7.684,3161,2025,16,Animation
12,1084242,Zootopia 2,en,50.7579,2025-11-26,7.684,3161,2025,12,Adventure
35,1084242,Zootopia 2,en,50.7579,2025-11-26,7.684,3161,2025,35,Comedy
9648,1084242,Zootopia 2,en,50.7579,2025-11-26,7.684,3161,2025,9648,Mystery
10751,1084242,Zootopia 2,en,50.7579,2025-11-26,7.684,3161,2025,10751,Family
18,550,Fight Club,en,42.3161,1999-10-15,8.438,32439,1999,18,Drama
53,550,Fight Club,en,42.3161,1999-10-15,8.438,32439,1999,53,Thriller
14,803796,KPop Demon Hunters,en,41.2013,2025-06-20,8.0,3031,2025,14,Fantasy
10402,803796,KPop Demon Hunters,en,41.2013,2025-06-20,8.0,3031,2025,10402,Music
35,803796,KPop Demon Hunters,en,41.2013,2025-06-20,8.0,3031,2025,35,Comedy
16,803796,KPop Demon Hunters,en,41.2013,2025-06-20,8.0,3031,2025,16,Animation
10751,1184918,The Wild Robot,en,41.1204,2024-09-12,8.314,6335,2024,10751,Family
16,1184918,The Wild Robot,en,41.1204,2024-09-12,8.314,6335,2024,16,Animation
878,1184918,The Wild Robot,en,41.1204,2024-09-12,8.314,6335,2024,878,Science Fiction
12,1184918,The Wild Robot,en,41.1204,2024-09-12,8.314,6335,2024,12,Adventure
10749,1325734,The Drama,en,38.7568,2026-04-01,6.9,1366,2026,10749,Romance
35,1325734,The Drama,en,38.7568,2026-04-01,6.9,1366,2026,35,Comedy
18,1325734,The Drama,en,38.7568,2026-04-01,6.9,1366,2026,18,Drama
18,597,Titanic,en,40.1128,1997-12-18,7.902,27414,1997,18,Drama
10749,597,Titanic,en,40.1128,1997-12-18,7.902,27414,1997,10749,Romance
27,1198994,Send Help,en,39.7169,2026-01-22,7.049,2043,2026,27,Horror
53,1198994,Send Help,en,39.7169,2026-01-22,7.049,2043,2026,53,Thriller
35,1198994,Send Help,en,39.7169,2026-01-22,7.049,2043,2026,35,Comedy
10749,614945,Voicemails for Isabelle,en,37.7062,2026-06-20,8.385,676,2026,10749,Romance
35,614945,Voicemails for Isabelle,en,37.7062,2026-06-20,8.385,676,2026,35,Comedy
18,614945,Voicemails for Isabelle,en,37.7062,2026-06-20,8.385,676,2026,18,Drama
27,713704,Evil Dead Rise,en,36.0837,2023-04-12,6.95,3833,2023,27,Horror
53,713704,Evil Dead Rise,en,36.0837,2023-04-12,6.95,3833,2023,53,Thriller
28,1265609,War Machine,en,38.2345,2026-02-12,7.433,2164,2026,28,Action
878,1265609,War Machine,en,38.2345,2026-02-12,7.433,2164,2026,878,Science Fiction
53,1265609,War Machine,en,38.2345,2026-02-12,7.433,2164,2026,53,Thriller
16,324857,Spider-Man: Into the Spider-Verse,en,41.5292,2018-12-06,8.393,17482,2018,16,Animation
28,324857,Spider-Man: Into the Spider-Verse,en,41.5292,2018-12-06,8.393,17482,2018,28,Action
12,324857,Spider-Man: Into the Spider-Verse,en,41.5292,2018-12-06,8.393,17482,2018,12,Adventure
878,324857,Spider-Man: Into the Spider-Verse,en,41.5292,2018-12-06,8.393,17482,2018,878,Science Fiction
16,14836,Coraline,en,39.1032,2009-02-05,7.924,9180,2009,16,Animation
10751,14836,Coraline,en,39.1032,2009-02-05,7.924,9180,2009,10751,Family
14,14836,Coraline,en,39.1032,2009-02-05,7.924,9180,2009,14,Fantasy
53,680,Pulp Fiction,en,38.0897,1994-09-10,8.482,30499,1994,53,Thriller
80,680,Pulp Fiction,en,38.0897,1994-09-10,8.482,30499,1994,80,Crime
35,680,Pulp Fiction,en,38.0897,1994-09-10,8.482,30499,1994,35,Comedy
12,299534,Avengers: Endgame,en,38.9066,2019-04-24,8.239,28123,2019,12,Adventure
878,299534,Avengers: Endgame,en,38.9066,2019-04-24,8.239,28123,2019,878,Science Fiction
28,299534,Avengers: Endgame,en,38.9066,2019-04-24,8.239,28123,2019,28,Action
28,1930,The Amazing Spider-Man,en,38.0343,2012-06-23,6.743,18724,2012,28,Action
12,1930,The Amazing Spider-Man,en,38.0343,2012-06-23,6.743,18724,2012,12,Adventure
878,1930,The Amazing Spider-Man,en,38.0343,2012-06-23,6.743,18724,2012,878,Science Fiction
28,822119,Captain America: Brave New World,en,37.2312,2025-02-12,5.965,3202,2025,28,Action
53,822119,Captain America: Brave New World,en,37.2312,2025-02-12,5.965,3202,2025,53,Thriller
878,822119,Captain America: Brave New World,en,37.2312,2025-02-12,5.965,3202,2025,878,Science Fiction
14,497,The Green Mile,en,34.5357,1999-12-10,8.506,19497,1999,14,Fantasy
18,497,The Green Mile,en,34.5357,1999-12-10,8.506,19497,1999,18,Drama
80,497,The Green Mile,en,34.5357,1999-12-10,8.506,19497,1999,80,Crime
28,429617,Spider-Man: Far From Home,en,37.3826,2019-06-28,7.4,17174,2019,28,Action
12,429617,Spider-Man: Far From Home,en,37.3826,2019-06-28,7.4,17174,2019,12,Adventure
878,429617,Spider-Man: Far From Home,en,37.3826,2019-06-28,7.4,17174,2019,878,Science Fiction
12,11,Star Wars,en,36.0566,1977-05-25,8.206,22550,1977,12,Adventure
28,11,Star Wars,en,36.0566,1977-05-25,8.206,22550,1977,28,Action
878,11,Star Wars,en,36.0566,1977-05-25,8.206,22550,1977,878,Science Fiction
878,1061474,Superman,en,40.2472,2025-07-09,7.328,5125,2025,878,Science Fiction
12,1061474,Superman,en,40.2472,2025-07-09,7.328,5125,2025,12,Adventure
28,1061474,Superman,en,40.2472,2025-07-09,7.328,5125,2025,28,Action
18,1010581,My Fault,es,34.538,2023-06-08,7.73,4143,2023,18,Drama
10749,1010581,My Fault,es,34.538,2023-06-08,7.73,4143,2023,10749,Romance
53,1010581,My Fault,es,34.538,2023-06-08,7.73,4143,2023,53,Thriller
28,98,Gladiator,en,35.0555,2000-05-04,8.23,21152,2000,28,Action
18,98,Gladiator,en,35.0555,2000-05-04,8.23,21152,2000,18,Drama
12,98,Gladiator,en,35.0555,2000-05-04,8.23,21152,2000,12,Adventure
35,13,Forrest Gump,en,34.3366,1994-06-23,8.464,30052,1994,35,Comedy
18,13,Forrest Gump,en,34.3366,1994-06-23,8.464,30052,1994,18,Drama
10749,13,Forrest Gump,en,34.3366,1994-06-23,8.464,30052,1994,10749,Romance
28,385687,Fast X,en,35.0978,2023-05-17,6.988,6404,2023,28,Action
80,385687,Fast X,en,35.0978,2023-05-17,6.988,6404,2023,80,Crime
53,385687,Fast X,en,35.0978,2023-05-17,6.988,6404,2023,53,Thriller
12,121,The Lord of the Rings: The Two Towers,en,37.1092,2002-12-18,8.424,24211,2002,12,Adventure
14,121,The Lord of the Rings: The Two Towers,en,37.1092,2002-12-18,8.424,24211,2002,14,Fantasy
28,121,The Lord of the Rings: The Two Towers,en,37.1092,2002-12-18,8.424,24211,2002,28,Action
28,76600,Avatar: The Way of Water,en,34.4455,2022-12-14,7.6,14399,2022,28,Action
12,76600,Avatar: The Way of Water,en,34.4455,2022-12-14,7.6,14399,2022,12,Adventure
878,76600,Avatar: The Way of Water,en,34.4455,2022-12-14,7.6,14399,2022,878,Science Fiction
28,361743,Top Gun: Maverick,en,35.3576,2022-05-21,8.158,11236,2022,28,Action
18,361743,Top Gun: Maverick,en,35.3576,2022-05-21,8.158,11236,2022,18,Drama
27,1233413,Sinners,en,35.8894,2025-04-16,7.499,4862,2025,27,Horror
28,1233413,Sinners,en,35.8894,2025-04-16,7.499,4862,2025,28,Action
53,1233413,Sinners,en,35.8894,2025-04-16,7.499,4862,2025,53,Thriller
27,1272837,28 Years Later: The Bone Temple,en,35.0659,2026-01-14,7.114,1482,2026,27,Horror
53,1272837,28 Years Later: The Bone Temple,en,35.0659,2026-01-14,7.114,1482,2026,53,Thriller
878,1272837,28 Years Later: The Bone Temple,en,35.0659,2026-01-14,7.114,1482,2026,878,Science Fiction
28,1242898,Predator: Badlands,en,34.5357,2025-11-05,7.827,3371,2025,28,Action
878,1242898,Predator: Badlands,en,34.5357,2025-11-05,7.827,3371,2025,878,Science Fiction
12,1242898,Predator: Badlands,en,34.5357,2025-11-05,7.827,3371,2025,12,Adventure
16,10681,WALL·E,en,36.4228,2008-06-26,8.118,20533,2008,16,Animation
10751,10681,WALL·E,en,36.4228,2008-06-26,8.118,20533,2008,10751,Family
878,10681,WALL·E,en,36.4228,2008-06-26,8.118,20533,2008,878,Science Fiction
18,350,The Devil Wears Prada,en,34.3339,2006-06-29,7.441,13961,2006,18,Drama
35,350,The Devil Wears Prada,en,34.3339,2006-06-29,7.441,13961,2006,35,Comedy
35,496243,Parasite,ko,37.7447,2019-05-30,8.49,20944,2019,35,Comedy
53,496243,Parasite,ko,37.7447,2019-05-30,8.49,20944,2019,53,Thriller
18,496243,Parasite,ko,37.7447,2019-05-30,8.49,20944,2019,18,Drama
16,569094,Spider-Man: Across the Spider-Verse,en,35.2127,2023-05-31,8.3,8852,2023,16,Animation
28,569094,Spider-Man: Across the Spider-Verse,en,35.2127,2023-05-31,8.3,8852,2023,28,Action
12,569094,Spider-Man: Across the Spider-Verse,en,35.2127,2023-05-31,8.3,8852,2023,12,Adventure
878,569094,Spider-Man: Across the Spider-Verse,en,35.2127,2023-05-31,8.3,8852,2023,878,Science Fiction
27,694,The Shining,en,32.6987,1980-05-23,8.202,19111,1980,27,Horror
53,694,The Shining,en,32.6987,1980-05-23,8.202,19111,1980,53,Thriller
28,911430,F1,en,34.1011,2025-06-25,7.818,4328,2025,28,Action
18,911430,F1,en,34.1011,2025-06-25,7.818,4328,2025,18,Drama
878,438631,Dune,en,34.7688,2021-09-15,7.783,15180,2021,878,Science Fiction
12,438631,Dune,en,34.7688,2021-09-15,7.783,15180,2021,12,Adventure
27,1430077,Hokum,en,32.9084,2026-04-29,6.938,602,2026,27,Horror
12,1202033,Enola Holmes 3,en,30.3038,2026-06-30,6.91,514,2026,12,Adventure
80,1202033,Enola Holmes 3,en,30.3038,2026-06-30,6.91,514,2026,80,Crime
9648,1202033,Enola Holmes 3,en,30.3038,2026-06-30,6.91,514,2026,9648,Mystery
28,986056,Thunderbolts*,en,34.4922,2025-04-30,7.296,3738,2025,28,Action
878,986056,Thunderbolts*,en,34.4922,2025-04-30,7.296,3738,2025,878,Science Fiction
12,986056,Thunderbolts*,en,34.4922,2025-04-30,7.296,3738,2025,12,Adventure
80,1171145,Crime 101,en,32.3622,2026-02-11,7.0,1204,2026,80,Crime
53,1171145,Crime 101,en,32.3622,2026-02-11,7.0,1204,2026,53,Thriller
12,271110,Captain America: Civil War,en,35.128,2016-04-27,7.45,24207,2016,12,Adventure
28,271110,Captain America: Civil War,en,35.128,2016-04-27,7.45,24207,2016,28,Action
878,271110,Captain America: Civil War,en,35.128,2016-04-27,7.45,24207,2016,878,Science Fiction
10751,950387,A Minecraft Movie,en,31.2102,2025-03-31,6.252,3143,2025,10751,Family
14,950387,A Minecraft Movie,en,31.2102,2025-03-31,6.252,3143,2025,14,Fantasy
35,950387,A Minecraft Movie,en,31.2102,2025-03-31,6.252,3143,2025,35,Comedy
12,950387,A Minecraft Movie,en,31.2102,2025-03-31,6.252,3143,2025,12,Adventure
28,1726,Iron Man,en,32.9558,2008-04-30,7.663,28386,2008,28,Action
878,1726,Iron Man,en,32.9558,2008-04-30,7.663,28386,2008,878,Science Fiction
12,1726,Iron Man,en,32.9558,2008-04-30,7.663,28386,2008,12,Adventure
27,26466,Triangle,en,32.2241,2009-10-16,6.917,3056,2009,27,Horror
12,12445,Harry Potter and the Deathly Hallows: Part 2,en,31.5195,2011-07-12,8.1,22175,2011,12,Adventure
14,12445,Harry Potter and the Deathly Hallows: Part 2,en,31.5195,2011-07-12,8.1,22175,2011,14,Fantasy
18,1330021,Remarkably Bright Creatures,en,33.5711,2026-05-07,8.492,782,2026,18,Drama
9648,1330021,Remarkably Bright Creatures,en,33.5711,2026-05-07,8.492,782,2026,9648,Mystery
35,1632181,Accidental Partners,es,31.9094,2026-03-12,8.969,327,2026,35,Comedy
10749,1632181,Accidental Partners,es,31.9094,2026-03-12,8.969,327,2026,10749,Romance
12,12444,Harry Potter and the Deathly Hallows: Part 1,en,31.7006,2010-11-17,7.735,20559,2010,12,Adventure
14,12444,Harry Potter and the Deathly Hallows: Part 1,en,31.7006,2010-11-17,7.735,20559,2010,14,Fantasy
28,102382,The Amazing Spider-Man 2,en,32.8012,2014-04-16,6.5,14417,2014,28,Action
12,102382,The Amazing Spider-Man 2,en,32.8012,2014-04-16,6.5,14417,2014,12,Adventure
878,102382,The Amazing Spider-Man 2,en,32.8012,2014-04-16,6.5,14417,2014,878,Science Fiction
12,672,Harry Potter and the Chamber of Secrets,en,31.3337,2002-11-13,7.707,23798,2002,12,Adventure
14,672,Harry Potter and the Chamber of Secrets,en,31.3337,2002-11-13,7.707,23798,2002,14,Fantasy
16,129,Spirited Away,ja,33.7165,2001-07-20,8.5,18596,2001,16,Animation
10751,129,Spirited Away,ja,33.7165,2001-07-20,8.5,18596,2001,10751,Family
14,129,Spirited Away,ja,33.7165,2001-07-20,8.5,18596,2001,14,Fantasy
14,1087192,How to Train Your Dragon,en,32.6819,2025-06-06,7.933,2985,2025,14,Fantasy
10751,1087192,How to Train Your Dragon,en,32.6819,2025-06-06,7.933,2985,2025,10751,Family
28,1087192,How to Train Your Dragon,en,32.6819,2025-06-06,7.933,2985,2025,28,Action
12,1087192,How to Train Your Dragon,en,32.6819,2025-06-06,7.933,2985,2025,12,Adventure
16,1022789,Inside Out 2,en,29.1338,2024-06-11,7.544,6815,2024,16,Animation
12,1022789,Inside Out 2,en,29.1338,2024-06-11,7.544,6815,2024,12,Adventure
35,1022789,Inside Out 2,en,29.1338,2024-06-11,7.544,6815,2024,35,Comedy
10751,1022789,Inside Out 2,en,29.1338,2024-06-11,7.544,6815,2024,10751,Family
18,77338,The Intouchables,fr,31.2875,2011-11-02,8.272,18610,2011,18,Drama
35,77338,The Intouchables,fr,31.2875,2011-11-02,8.272,18610,2011,35,Comedy
28,99861,Avengers: Age of Ultron,en,32.2323,2015-04-22,7.276,24658,2015,28,Action
12,99861,Avengers: Age of Ultron,en,32.2323,2015-04-22,7.276,24658,2015,12,Adventure
878,99861,Avengers: Age of Ultron,en,32.2323,2015-04-22,7.276,24658,2015,878,Science Fiction
36,975511,The Return,en,30.6415,2024-11-28,6.519,473,2024,36,History
18,975511,The Return,en,30.6415,2024-11-28,6.519,473,2024,18,Drama
12,975511,The Return,en,30.6415,2024-11-28,6.519,473,2024,12,Adventure
28,76341,Mad Max: Fury Road,en,30.4719,2015-05-13,7.635,24293,2015,28,Action
12,76341,Mad Max: Fury Road,en,30.4719,2015-05-13,7.635,24293,2015,12,Adventure
878,76341,Mad Max: Fury Road,en,30.4719,2015-05-13,7.635,24293,2015,878,Science Fiction
80,101,Léon: The Professional,fr,30.5113,1994-09-14,8.294,16272,1994,80,Crime
18,101,Léon: The Professional,fr,30.5113,1994-09-14,8.294,16272,1994,18,Drama
28,101,Léon: The Professional,fr,30.5113,1994-09-14,8.294,16272,1994,28,Action
18,240,The Godfather Part II,en,32.4633,1974-12-20,8.571,14090,1974,18,Drama
80,240,The Godfather Part II,en,32.4633,1974-12-20,8.571,14090,1974,80,Crime
10749,950396,The Gorge,en,29.3275,2025-02-13,7.677,3979,2025,10749,Romance
878,950396,The Gorge,en,29.3275,2025-02-13,7.677,3979,2025,878,Science Fiction
53,950396,The Gorge,en,29.3275,2025-02-13,7.677,3979,2025,53,Thriller
27,933260,The Substance,en,30.6387,2024-09-07,7.13,6230,2024,27,Horror
878,933260,The Substance,en,30.6387,2024-09-07,7.13,6230,2024,878,Science Fiction
53,933260,The Substance,en,30.6387,2024-09-07,7.13,6230,2024,53,Thriller
28,122917,The Hobbit: The Battle of the Five Armies,en,31.1049,2014-12-10,7.338,15523,2014,28,Action
12,122917,The Hobbit: The Battle of the Five Armies,en,31.1049,2014-12-10,7.338,15523,2014,12,Adventure
14,122917,The Hobbit: The Battle of the Five Armies,en,31.1049,2014-12-10,7.338,15523,2014,14,Fantasy
12,674,Harry Potter and the Goblet of Fire,en,30.5653,2005-11-16,7.803,22384,2005,12,Adventure
14,674,Harry Potter and the Goblet of Fire,en,30.5653,2005-11-16,7.803,22384,2005,14,Fantasy
80,414906,The Batman,en,31.6996,2022-03-01,7.664,12194,2022,80,Crime
9648,414906,The Batman,en,31.6996,2022-03-01,7.664,12194,2022,9648,Mystery
53,414906,The Batman,en,31.6996,2022-03-01,7.664,12194,2022,53,Thriller
14,453395,Doctor Strange in the Multiverse of Madness,en,30.5722,2022-05-04,7.231,10517,2022,14,Fantasy
28,453395,Doctor Strange in the Multiverse of Madness,en,30.5722,2022-05-04,7.231,10517,2022,28,Action
12,453395,Doctor Strange in the Multiverse of Madness,en,30.5722,2022-05-04,7.231,10517,2022,12,Adventure
18,244786,Whiplash,en,29.5438,2014-10-10,8.375,16836,2014,18,Drama
10402,244786,Whiplash,en,29.5438,2014-10-10,8.375,16836,2014,10402,Music
53,244786,Whiplash,en,29.5438,2014-10-10,8.375,16836,2014,53,Thriller
12,673,Harry Potter and the Prisoner of Azkaban,en,29.2344,2004-05-31,8.01,23372,2004,12,Adventure
14,673,Harry Potter and the Prisoner of Azkaban,en,29.2344,2004-05-31,8.01,23372,2004,14,Fantasy
10751,354912,Coco,en,25.8439,2017-10-27,8.198,21168,2017,10751,Family
16,354912,Coco,en,25.8439,2017-10-27,8.198,21168,2017,16,Animation
10402,354912,Coco,en,25.8439,2017-10-27,8.198,21168,2017,10402,Music
12,354912,Coco,en,25.8439,2017-10-27,8.198,21168,2017,12,Adventure
10749,1156594,Our Fault,es,28.6013,2025-10-15,7.391,718,2025,10749,Romance
18,1156594,Our Fault,es,28.6013,2025-10-15,7.391,718,2025,18,Drama
28,49026,The Dark Knight Rises,en,28.5742,2012-07-17,7.797,24592,2012,28,Action
80,49026,The Dark Knight Rises,en,28.5742,2012-07-17,7.797,24592,2012,80,Crime
18,49026,The Dark Knight Rises,en,28.5742,2012-07-17,7.797,24592,2012,18,Drama
53,49026,The Dark Knight Rises,en,28.5742,2012-07-17,7.797,24592,2012,53,Thriller
18,424,Schindler's List,en,30.1194,1993-12-15,8.571,17647,1993,18,Drama
36,424,Schindler's List,en,30.1194,1993-12-15,8.571,17647,1993,36,History
10752,424,Schindler's List,en,30.1194,1993-12-15,8.571,17647,1993,10752,War
53,1054867,One Battle After Another,en,29.885,2025-09-23,7.343,3961,2025,53,Thriller
80,1054867,One Battle After Another,en,29.885,2025-09-23,7.343,3961,2025,80,Crime
35,1054867,One Battle After Another,en,29.885,2025-09-23,7.343,3961,2025,35,Comedy
12,105,Back to the Future,en,29.6521,1985-07-03,8.327,22043,1985,12,Adventure
35,105,Back to the Future,en,29.6521,1985-07-03,8.327,22043,1985,35,Comedy
878,105,Back to the Future,en,29.6521,1985-07-03,8.327,22043,1985,878,Science Fiction
16,2062,Ratatouille,en,28.8133,2007-06-28,7.846,18681,2007,16,Animation
35,2062,Ratatouille,en,28.8133,2007-06-28,7.846,18681,2007,35,Comedy
10751,2062,Ratatouille,en,28.8133,2007-06-28,7.846,18681,2007,10751,Family
14,2062,Ratatouille,en,28.8133,2007-06-28,7.846,18681,2007,14,Fantasy
16,8587,The Lion King,en,28.9928,1994-06-15,8.254,19883,1994,16,Animation
10751,8587,The Lion King,en,28.9928,1994-06-15,8.254,19883,1994,10751,Family
18,8587,The Lion King,en,28.9928,1994-06-15,8.254,19883,1994,18,Drama
878,693134,Dune: Part Two,en,29.2962,2024-02-27,8.13,8243,2024,878,Science Fiction
12,693134,Dune: Part Two,en,29.2962,2024-02-27,8.13,8243,2024,12,Adventure
28,575265,Mission: Impossible - The Final Reckoning,en,27.8711,2025-05-17,7.2,2980,2025,28,Action
53,575265,Mission: Impossible - The Final Reckoning,en,27.8711,2025-05-17,7.2,2980,2025,53,Thriller
12,575265,Mission: Impossible - The Final Reckoning,en,27.8711,2025-05-17,7.2,2980,2025,12,Adventure
16,585,"Monsters, Inc.",en,29.2682,2001-11-01,7.855,19991,2001,16,Animation
35,585,"Monsters, Inc.",en,29.2682,2001-11-01,7.855,19991,2001,35,Comedy
10751,585,"Monsters, Inc.",en,29.2682,2001-11-01,7.855,19991,2001,10751,Family
14,585,"Monsters, Inc.",en,29.2682,2001-11-01,7.855,19991,2001,14,Fantasy
28,68726,Pacific Rim,en,25.998,2013-07-11,6.939,13569,2013,28,Action
878,68726,Pacific Rim,en,25.998,2013-07-11,6.939,13569,2013,878,Science Fiction
12,68726,Pacific Rim,en,25.998,2013-07-11,6.939,13569,2013,12,Adventure
10751,301528,Toy Story 4,en,27.0245,2019-06-19,7.463,10785,2019,10751,Family
35,301528,Toy Story 4,en,27.0245,2019-06-19,7.463,10785,2019,35,Comedy
16,301528,Toy Story 4,en,27.0245,2019-06-19,7.463,10785,2019,16,Animation
12,301528,Toy Story 4,en,27.0245,2019-06-19,7.463,10785,2019,12,Adventure
80,807,Se7en,en,29.0555,1995-09-22,8.382,23383,1995,80,Crime
9648,807,Se7en,en,29.0555,1995-09-22,8.382,23383,1995,9648,Mystery
53,807,Se7en,en,29.0555,1995-09-22,8.382,23383,1995,53,Thriller
18,1124,The Prestige,en,28.4336,2006-10-19,8.21,17811,2006,18,Drama
9648,1124,The Prestige,en,28.4336,2006-10-19,8.21,17811,2006,9648,Mystery
878,1124,The Prestige,en,28.4336,2006-10-19,8.21,17811,2006,878,Science Fiction
80,106646,The Wolf of Wall Street,en,27.7222,2013-12-25,8.028,26173,2013,80,Crime
18,106646,The Wolf of Wall Street,en,27.7222,2013-12-25,8.028,26173,2013,18,Drama
35,106646,The Wolf of Wall Street,en,27.7222,2013-12-25,8.028,26173,2013,35,Comedy
16,863,Toy Story 2,en,27.338,1999-10-30,7.618,15128,1999,16,Animation
35,863,Toy Story 2,en,27.338,1999-10-30,7.618,15128,1999,35,Comedy
10751,863,Toy Story 2,en,27.338,1999-10-30,7.618,15128,1999,10751,Family
12,22,Pirates of the Caribbean: The Curse of the Black Pearl,en,26.2501,2003-07-09,7.831,22483,2003,12,Adventure
14,22,Pirates of the Caribbean: The Curse of the Black Pearl,en,26.2501,2003-07-09,7.831,22483,2003,14,Fantasy
28,22,Pirates of the Caribbean: The Curse of the Black Pearl,en,26.2501,2003-07-09,7.831,22483,2003,28,Action
12,177572,Big Hero 6,en,27.7691,2014-10-24,7.727,16726,2014,12,Adventure
10751,177572,Big Hero 6,en,27.7691,2014-10-24,7.727,16726,2014,10751,Family
16,177572,Big Hero 6,en,27.7691,2014-10-24,7.727,16726,2014,16,Animation
28,177572,Big Hero 6,en,27.7691,2014-10-24,7.727,16726,2014,28,Action
35,177572,Big Hero 6,en,27.7691,2014-10-24,7.727,16726,2014,35,Comedy
18,11324,Shutter Island,en,27.5152,2010-02-14,8.198,26102,2010,18,Drama
53,11324,Shutter Island,en,27.5152,2010-02-14,8.198,26102,2010,53,Thriller
9648,11324,Shutter Island,en,27.5152,2010-02-14,8.198,26102,2010,9648,Mystery
878,335984,Blade Runner 2049,en,28.1953,2017-10-04,7.598,15358,2017,878,Science Fiction
18,335984,Blade Runner 2049,en,28.1953,2017-10-04,7.598,15358,2017,18,Drama
28,1306368,The Rip,en,28.2235,2026-01-13,7.084,1780,2026,28,Action
53,1306368,The Rip,en,28.2235,2026-01-13,7.084,1780,2026,53,Thriller
80,1306368,The Rip,en,28.2235,2026-01-13,7.084,1780,2026,80,Crime
27,1078605,Weapons,en,24.789,2025-08-04,7.3,3662,2025,27,Horror
9648,1078605,Weapons,en,24.789,2025-08-04,7.3,3662,2025,9648,Mystery
18,489,Good Will Hunting,en,27.9825,1997-12-05,8.162,14035,1997,18,Drama
10751,502356,The Super Mario Bros. Movie,en,26.6845,2023-04-05,7.602,10934,2023,10751,Family
35,502356,The Super Mario Bros. Movie,en,26.6845,2023-04-05,7.602,10934,2023,35,Comedy
12,502356,The Super Mario Bros. Movie,en,26.6845,2023-04-05,7.602,10934,2023,12,Adventure
14,502356,The Super Mario Bros. Movie,en,26.6845,2023-04-05,7.602,10934,2023,14,Fantasy
16,502356,The Super Mario Bros. Movie,en,26.6845,2023-04-05,7.602,10934,2023,16,Animation
12,767,Harry Potter and the Half-Blood Prince,en,26.4965,2009-07-15,7.682,20971,2009,12,Adventure
14,767,Harry Potter and the Half-Blood Prince,en,26.4965,2009-07-15,7.682,20971,2009,14,Fantasy
80,475557,Joker,en,25.942,2019-10-01,8.122,27968,2019,80,Crime
53,475557,Joker,en,25.942,2019-10-01,8.122,27968,2019,53,Thriller
18,475557,Joker,en,25.942,2019-10-01,8.122,27968,2019,18,Drama
28,744,Top Gun,en,27.7708,1986-05-16,7.071,9711,1986,28,Action
18,744,Top Gun,en,27.7708,1986-05-16,7.071,9711,1986,18,Drama
10749,744,Top Gun,en,27.7708,1986-05-16,7.071,9711,1986,10749,Romance
35,12153,White Chicks,en,26.846,2004-06-23,6.958,4629,2004,35,Comedy
80,12153,White Chicks,en,26.846,2004-06-23,6.958,4629,2004,80,Crime
10752,857,Saving Private Ryan,en,25.7422,1998-07-24,8.231,17486,1998,10752,War
18,857,Saving Private Ryan,en,25.7422,1998-07-24,8.231,17486,1998,18,Drama
36,857,Saving Private Ryan,en,25.7422,1998-07-24,8.231,17486,1998,36,History
28,572802,Aquaman and the Lost Kingdom,en,29.8359,2023-12-20,6.518,3573,2023,28,Action
12,572802,Aquaman and the Lost Kingdom,en,29.8359,2023-12-20,6.518,3573,2023,12,Adventure
14,572802,Aquaman and the Lost Kingdom,en,29.8359,2023-12-20,6.518,3573,2023,14,Fantasy
16,10193,Toy Story 3,en,25.7565,2010-06-16,7.814,15972,2010,16,Animation
10751,10193,Toy Story 3,en,25.7565,2010-06-16,7.814,15972,2010,10751,Family
35,10193,Toy Story 3,en,25.7565,2010-06-16,7.814,15972,2010,35,Comedy
28,559,Spider-Man 3,en,27.6787,2007-05-01,6.467,15405,2007,28,Action
12,559,Spider-Man 3,en,27.6787,2007-05-01,6.467,15405,2007,12,Adventure
878,559,Spider-Man 3,en,27.6787,2007-05-01,6.467,15405,2007,878,Science Fiction
16,1218925,Chainsaw Man - The Movie: Reze Arc,ja,26.3406,2025-09-19,8.469,1043,2025,16,Animation
28,1218925,Chainsaw Man - The Movie: Reze Arc,ja,26.3406,2025-09-19,8.469,1043,2025,28,Action
10749,1218925,Chainsaw Man - The Movie: Reze Arc,ja,26.3406,2025-09-19,8.469,1043,2025,10749,Romance
14,1218925,Chainsaw Man - The Movie: Reze Arc,ja,26.3406,2025-09-19,8.469,1043,2025,14,Fantasy
28,1168190,The Wrecking Crew,en,27.8612,2026-01-28,7.067,1172,2026,28,Action
35,1168190,The Wrecking Crew,en,27.8612,2026-01-28,7.067,1172,2026,35,Comedy
80,1168190,The Wrecking Crew,en,27.8612,2026-01-28,7.067,1172,2026,80,Crime
9648,1168190,The Wrecking Crew,en,27.8612,2026-01-28,7.067,1172,2026,9648,Mystery
28,798645,The Running Man,en,24.9566,2025-11-11,6.762,1771,2025,28,Action
53,798645,The Running Man,en,24.9566,2025-11-11,6.762,1771,2025,53,Thriller
878,798645,The Running Man,en,24.9566,2025-11-11,6.762,1771,2025,878,Science Fiction
10751,552524,Lilo & Stitch,en,24.9591,2025-05-17,7.193,2215,2025,10751,Family
878,552524,Lilo & Stitch,en,24.9591,2025-05-17,7.193,2215,2025,878,Science Fiction
35,552524,Lilo & Stitch,en,24.9591,2025-05-17,7.193,2215,2025,35,Comedy
27,109428,Evil Dead,en,23.8177,2013-04-05,6.622,5160,2013,27,Horror
18,324786,Hacksaw Ridge,en,25.65,2016-10-07,8.193,15033,2016,18,Drama
36,324786,Hacksaw Ridge,en,25.65,2016-10-07,8.193,15033,2016,36,History
10752,324786,Hacksaw Ridge,en,25.65,2016-10-07,8.193,15033,2016,10752,War
18,769,GoodFellas,en,26.2301,1990-09-12,8.5,14540,1990,18,Drama
80,769,GoodFellas,en,26.2301,1990-09-12,8.5,14540,1990,80,Crime
12,675,Harry Potter and the Order of the Phoenix,en,25.1076,2007-07-08,7.673,20987,2007,12,Adventure
14,675,Harry Potter and the Order of the Phoenix,en,25.1076,2007-07-08,7.673,20987,2007,14,Fantasy
27,574475,Final Destination Bloodlines,en,26.051,2025-05-14,7.043,2981,2025,27,Horror
9648,574475,Final Destination Bloodlines,en,26.051,2025-05-14,7.043,2981,2025,9648,Mystery
28,39254,Real Steel,en,24.4388,2011-09-28,7.126,9359,2011,28,Action
878,39254,Real Steel,en,24.4388,2011-09-28,7.126,9359,2011,878,Science Fiction
18,39254,Real Steel,en,24.4388,2011-09-28,7.126,9359,2011,18,Drama
80,425274,Now You See Me: Now You Don't,en,25.8614,2025-11-12,6.481,1693,2025,80,Crime
53,425274,Now You See Me: Now You Don't,en,25.8614,2025-11-12,6.481,1693,2025,53,Thriller
18,389,12 Angry Men,en,25.6191,1957-04-10,8.566,10156,1957,18,Drama
10749,11036,The Notebook,en,25.5914,2004-06-25,7.891,12689,2004,10749,Romance
18,11036,The Notebook,en,25.5914,2004-06-25,7.891,12689,2004,18,Drama
16,150540,Inside Out,en,21.8086,2015-06-17,7.908,23651,2015,16,Animation
10751,150540,Inside Out,en,21.8086,2015-06-17,7.908,23651,2015,10751,Family
12,150540,Inside Out,en,21.8086,2015-06-17,7.908,23651,2015,12,Adventure
18,150540,Inside Out,en,21.8086,2015-06-17,7.908,23651,2015,18,Drama
35,150540,Inside Out,en,21.8086,2015-06-17,7.908,23651,2015,35,Comedy
28,545611,Everything Everywhere All at Once,en,26.2234,2022-03-24,7.714,8171,2022,28,Action
12,545611,Everything Everywhere All at Once,en,26.2234,2022-03-24,7.714,8171,2022,12,Adventure
878,545611,Everything Everywhere All at Once,en,26.2234,2022-03-24,7.714,8171,2022,878,Science Fiction
28,284053,Thor: Ragnarok,en,25.3216,2017-10-02,7.583,22190,2017,28,Action
878,284053,Thor: Ragnarok,en,25.3216,2017-10-02,7.583,22190,2017,878,Science Fiction
35,284053,Thor: Ragnarok,en,25.3216,2017-10-02,7.583,22190,2017,35,Comedy
27,1159559,Scream 7,en,25.7079,2026-02-25,6.222,1179,2026,27,Horror
9648,1159559,Scream 7,en,25.7079,2026-02-25,6.222,1179,2026,9648,Mystery
80,1159559,Scream 7,en,25.7079,2026-02-25,6.222,1179,2026,80,Crime
16,269149,Zootopia,en,25.0965,2016-02-11,7.765,18305,2016,16,Animation
12,269149,Zootopia,en,25.0965,2016-02-11,7.765,18305,2016,12,Adventure
10751,269149,Zootopia,en,25.0965,2016-02-11,7.765,18305,2016,10751,Family
35,269149,Zootopia,en,25.0965,2016-02-11,7.765,18305,2016,35,Comedy
28,939243,Sonic the Hedgehog 3,en,24.9231,2024-12-19,7.608,3365,2024,28,Action
878,939243,Sonic the Hedgehog 3,en,24.9231,2024-12-19,7.608,3365,2024,878,Science Fiction
35,939243,Sonic the Hedgehog 3,en,24.9231,2024-12-19,7.608,3365,2024,35,Comedy
10751,939243,Sonic the Hedgehog 3,en,24.9231,2024-12-19,7.608,3365,2024,10751,Family
12,564,The Mummy,en,25.0293,1999-04-16,6.986,10186,1999,12,Adventure
28,564,The Mummy,en,25.0293,1999-04-16,6.986,10186,1999,28,Action
14,564,The Mummy,en,25.0293,1999-04-16,6.986,10186,1999,14,Fantasy
10752,228150,Fury,en,22.0885,2014-10-15,7.5,13048,2014,10752,War
18,228150,Fury,en,22.0885,2014-10-15,7.5,13048,2014,18,Drama
28,228150,Fury,en,22.0885,2014-10-15,7.5,13048,2014,28,Action
18,1422,The Departed,en,24.9084,2006-10-04,8.16,16396,2006,18,Drama
53,1422,The Departed,en,24.9084,2006-10-04,8.16,16396,2006,53,Thriller
80,1422,The Departed,en,24.9084,2006-10-04,8.16,16396,2006,80,Crime
12,181808,Star Wars: The Last Jedi,en,24.3806,2017-12-13,6.747,16470,2017,12,Adventure
28,181808,Star Wars: The Last Jedi,en,24.3806,2017-12-13,6.747,16470,2017,28,Action
878,181808,Star Wars: The Last Jedi,en,24.3806,2017-12-13,6.747,16470,2017,878,Science Fiction
27,945961,Alien: Romulus,en,25.1916,2024-08-13,7.169,4702,2024,27,Horror
878,945961,Alien: Romulus,en,25.1916,2024-08-13,7.169,4702,2024,878,Science Fiction
28,1242332,Normal,en,21.1523,2026-04-16,7.1,394,2026,28,Action
80,1242332,Normal,en,21.1523,2026-04-16,7.1,394,2026,80,Crime
53,1242332,Normal,en,21.1523,2026-04-16,7.1,394,2026,53,Thriller
27,1100988,28 Years Later,en,25.0516,2025-06-18,6.616,2714,2025,27,Horror
53,1100988,28 Years Later,en,25.0516,2025-06-18,6.616,2714,2025,53,Thriller
878,1100988,28 Years Later,en,25.0516,2025-06-18,6.616,2714,2025,878,Science Fiction
16,980477,Ne Zha 2,zh,23.6612,2025-01-29,8.15,771,2025,16,Animation
28,980477,Ne Zha 2,zh,23.6612,2025-01-29,8.15,771,2025,28,Action
14,980477,Ne Zha 2,zh,23.6612,2025-01-29,8.15,771,2025,14,Fantasy
12,980477,Ne Zha 2,zh,23.6612,2025-01-29,8.15,771,2025,12,Adventure
18,16869,Inglourious Basterds,en,23.7397,2009-08-02,8.2,24443,2009,18,Drama
53,16869,Inglourious Basterds,en,23.7397,2009-08-02,8.2,24443,2009,53,Thriller
10752,16869,Inglourious Basterds,en,23.7397,2009-08-02,8.2,24443,2009,10752,War
9648,77,Memento,en,23.7877,2000-10-11,8.175,16455,2000,9648,Mystery
53,77,Memento,en,23.7877,2000-10-11,8.175,16455,2000,53,Thriller
27,138843,The Conjuring,en,22.3226,2013-07-18,7.542,12866,2013,27,Horror
53,138843,The Conjuring,en,22.3226,2013-07-18,7.542,12866,2013,53,Thriller
18,272,Batman Begins,en,23.2134,2005-06-10,7.729,22837,2005,18,Drama
80,272,Batman Begins,en,23.2134,2005-06-10,7.729,22837,2005,80,Crime
28,272,Batman Begins,en,23.2134,2005-06-10,7.729,22837,2005,28,Action
878,283995,Guardians of the Galaxy Vol. 2,en,23.6714,2017-04-25,7.61,23110,2017,878,Science Fiction
12,283995,Guardians of the Galaxy Vol. 2,en,23.6714,2017-04-25,7.61,23110,2017,12,Adventure
28,283995,Guardians of the Galaxy Vol. 2,en,23.6714,2017-04-25,7.61,23110,2017,28,Action
16,49013,Cars 2,en,24.7535,2011-06-11,6.186,8569,2011,16,Animation
10751,49013,Cars 2,en,24.7535,2011-06-11,6.186,8569,2011,10751,Family
12,49013,Cars 2,en,24.7535,2011-06-11,6.186,8569,2011,12,Adventure
35,49013,Cars 2,en,24.7535,2011-06-11,6.186,8569,2011,35,Comedy
28,198663,The Maze Runner,en,23.714,2014-09-10,7.191,18261,2014,28,Action
9648,198663,The Maze Runner,en,23.714,2014-09-10,7.191,18261,2014,9648,Mystery
878,198663,The Maze Runner,en,23.714,2014-09-10,7.191,18261,2014,878,Science Fiction
53,198663,The Maze Runner,en,23.714,2014-09-10,7.191,18261,2014,53,Thriller
16,372058,Your Name.,ja,25.4611,2016-07-01,8.481,12728,2016,16,Animation
10749,372058,Your Name.,ja,25.4611,2016-07-01,8.481,12728,2016,10749,Romance
18,372058,Your Name.,ja,25.4611,2016-07-01,8.481,12728,2016,18,Drama
28,293660,Deadpool,en,23.9737,2016-02-09,7.624,32962,2016,28,Action
12,293660,Deadpool,en,23.9737,2016-02-09,7.624,32962,2016,12,Adventure
35,293660,Deadpool,en,23.9737,2016-02-09,7.624,32962,2016,35,Comedy
878,447365,Guardians of the Galaxy Vol. 3,en,23.5025,2023-05-03,7.931,8536,2023,878,Science Fiction
12,447365,Guardians of the Galaxy Vol. 3,en,23.5025,2023-05-03,7.931,8536,2023,12,Adventure
28,447365,Guardians of the Galaxy Vol. 3,en,23.5025,2023-05-03,7.931,8536,2023,28,Action
16,315162,Puss in Boots: The Last Wish,en,23.0051,2022-12-07,8.213,9042,2022,16,Animation
12,315162,Puss in Boots: The Last Wish,en,23.0051,2022-12-07,8.213,9042,2022,12,Adventure
14,315162,Puss in Boots: The Last Wish,en,23.0051,2022-12-07,8.213,9042,2022,14,Fantasy
35,315162,Puss in Boots: The Last Wish,en,23.0051,2022-12-07,8.213,9042,2022,35,Comedy
10751,315162,Puss in Boots: The Last Wish,en,23.0051,2022-12-07,8.213,9042,2022,10751,Family
878,1236153,Mercy,en,23.5616,2026-01-19,7.091,1521,2026,878,Science Fiction
28,1236153,Mercy,en,23.5616,2026-01-19,7.091,1521,2026,28,Action
53,1236153,Mercy,en,23.5616,2026-01-19,7.091,1521,2026,53,Thriller
18,858024,Hamnet,en,23.228,2025-11-26,7.7,1474,2025,18,Drama
10749,858024,Hamnet,en,23.228,2025-11-26,7.7,1474,2025,10749,Romance
14,284052,Doctor Strange,en,23.9248,2016-10-25,7.424,23599,2016,14,Fantasy
12,284052,Doctor Strange,en,23.9248,2016-10-25,7.424,23599,2016,12,Adventure
28,284052,Doctor Strange,en,23.9248,2016-10-25,7.424,23599,2016,28,Action
28,280,Terminator 2: Judgment Day,en,23.8915,1991-07-03,8.159,14529,1991,28,Action
53,280,Terminator 2: Judgment Day,en,23.8915,1991-07-03,8.159,14529,1991,53,Thriller
878,280,Terminator 2: Judgment Day,en,23.8915,1991-07-03,8.159,14529,1991,878,Science Fiction
14,616037,Thor: Love and Thunder,en,22.4775,2022-07-06,6.367,8697,2022,14,Fantasy
28,616037,Thor: Love and Thunder,en,22.4775,2022-07-06,6.367,8697,2022,28,Action
35,616037,Thor: Love and Thunder,en,22.4775,2022-07-06,6.367,8697,2022,35,Comedy
18,337167,Fifty Shades Freed,en,21.9043,2018-01-17,6.67,8396,2018,18,Drama
10749,337167,Fifty Shades Freed,en,21.9043,2018-01-17,6.67,8396,2018,10749,Romance
35,37165,The Truman Show,en,25.9619,1998-06-04,8.155,20494,1998,35,Comedy
18,37165,The Truman Show,en,25.9619,1998-06-04,8.155,20494,1998,18,Drama
12,411,"The Chronicles of Narnia: The Lion, the Witch and the Wardrobe",en,21.049,2005-12-07,7.139,11623,2005,12,Adventure
10751,411,"The Chronicles of Narnia: The Lion, the Witch and the Wardrobe",en,21.049,2005-12-07,7.139,11623,2005,10751,Family
14,411,"The Chronicles of Narnia: The Lion, the Witch and the Wardrobe",en,21.049,2005-12-07,7.139,11623,2005,14,Fantasy
12,10195,Thor,en,23.3253,2011-04-21,6.771,22508,2011,12,Adventure
14,10195,Thor,en,23.3253,2011-04-21,6.771,22508,2011,14,Fantasy
28,10195,Thor,en,23.3253,2011-04-21,6.771,22508,2011,28,Action
28,505642,Black Panther: Wakanda Forever,en,22.0602,2022-11-09,7.004,7587,2022,28,Action
12,505642,Black Panther: Wakanda Forever,en,22.0602,2022-11-09,7.004,7587,2022,12,Adventure
878,505642,Black Panther: Wakanda Forever,en,22.0602,2022-11-09,7.004,7587,2022,878,Science Fiction
28,1383731,Protector,en,21.3284,2026-02-20,8.477,473,2026,28,Action
53,1383731,Protector,en,21.3284,2026-02-20,8.477,473,2026,53,Thriller
12,762509,Mufasa: The Lion King,en,21.92,2024-12-18,7.303,2720,2024,12,Adventure
10751,762509,Mufasa: The Lion King,en,21.92,2024-12-18,7.303,2720,2024,10751,Family
16,762509,Mufasa: The Lion King,en,21.92,2024-12-18,7.303,2720,2024,16,Animation
35,346698,Barbie,en,21.0449,2023-07-19,6.917,11290,2023,35,Comedy
12,346698,Barbie,en,21.0449,2023-07-19,6.917,11290,2023,12,Adventure
14,346698,Barbie,en,21.0449,2023-07-19,6.917,11290,2023,14,Fantasy
878,18,The Fifth Element,fr,23.3353,1997-05-02,7.587,11914,1997,878,Science Fiction
28,18,The Fifth Element,fr,23.3353,1997-05-02,7.587,11914,1997,28,Action
12,18,The Fifth Element,fr,23.3353,1997-05-02,7.587,11914,1997,12,Adventure
16,519182,Despicable Me 4,en,22.9699,2024-06-20,7.0,3285,2024,16,Animation
35,519182,Despicable Me 4,en,22.9699,2024-06-20,7.0,3285,2024,35,Comedy
28,519182,Despicable Me 4,en,22.9699,2024-06-20,7.0,3285,2024,28,Action
878,519182,Despicable Me 4,en,22.9699,2024-06-20,7.0,3285,2024,878,Science Fiction
10751,519182,Despicable Me 4,en,22.9699,2024-06-20,7.0,3285,2024,10751,Family
16,425,Ice Age,en,24.051,2002-03-14,7.4,14440,2002,16,Animation
35,425,Ice Age,en,24.051,2002-03-14,7.4,14440,2002,35,Comedy
10751,425,Ice Age,en,24.051,2002-03-14,7.4,14440,2002,10751,Family
12,425,Ice Age,en,24.051,2002-03-14,7.4,14440,2002,12,Adventure
27,1480387,undertone,en,23.5335,2026-03-12,6.2,460,2026,27,Horror
9648,1480387,undertone,en,23.5335,2026-03-12,6.2,460,2026,9648,Mystery
27,270303,It Follows,en,20.8683,2015-02-04,6.6,7020,2015,27,Horror
9648,270303,It Follows,en,20.8683,2015-02-04,6.6,7020,2015,9648,Mystery
28,539972,Kraven the Hunter,en,21.4047,2024-12-11,6.434,2407,2024,28,Action
12,539972,Kraven the Hunter,en,21.4047,2024-12-11,6.434,2407,2024,12,Adventure
53,539972,Kraven the Hunter,en,21.4047,2024-12-11,6.434,2407,2024,53,Thriller
18,1402,The Pursuit of Happyness,en,20.573,2006-12-14,7.9,10707,2006,18,Drama
35,587807,Tom & Jerry,en,21.6902,2021-02-10,6.729,2592,2021,35,Comedy
10751,587807,Tom & Jerry,en,21.6902,2021-02-10,6.729,2592,2021,10751,Family
16,587807,Tom & Jerry,en,21.6902,2021-02-10,6.729,2592,2021,16,Animation
878,286217,The Martian,en,21.9488,2015-09-30,7.706,21501,2015,878,Science Fiction
18,286217,The Martian,en,21.9488,2015-09-30,7.706,21501,2015,18,Drama
12,286217,The Martian,en,21.9488,2015-09-30,7.706,21501,2015,12,Adventure
28,558449,Gladiator II,en,19.9437,2024-11-13,6.604,4586,2024,28,Action
12,558449,Gladiator II,en,19.9437,2024-11-13,6.604,4586,2024,12,Adventure
18,558449,Gladiator II,en,19.9437,2024-11-13,6.604,4586,2024,18,Drama
878,912649,Venom: The Last Dance,en,22.2566,2024-10-22,6.665,4346,2024,878,Science Fiction
28,912649,Venom: The Last Dance,en,22.2566,2024-10-22,6.665,4346,2024,28,Action
12,912649,Venom: The Last Dance,en,22.2566,2024-10-22,6.665,4346,2024,12,Adventure
28,1197306,A Working Man,en,21.6212,2025-03-26,6.685,2012,2025,28,Action
80,1197306,A Working Man,en,21.6212,2025-03-26,6.685,2012,2025,80,Crime
53,1197306,A Working Man,en,21.6212,2025-03-26,6.685,2012,2025,53,Thriller
28,1292695,They Will Kill You,en,20.2336,2026-03-25,6.959,988,2026,28,Action
35,1292695,They Will Kill You,en,20.2336,2026-03-25,6.959,988,2026,35,Comedy
27,1292695,They Will Kill You,en,20.2336,2026-03-25,6.959,988,2026,27,Horror
12,991494,The SpongeBob Movie: Search for SquarePants,en,20.3876,2025-12-16,6.828,326,2025,12,Adventure
16,991494,The SpongeBob Movie: Search for SquarePants,en,20.3876,2025-12-16,6.828,326,2025,16,Animation
35,991494,The SpongeBob Movie: Search for SquarePants,en,20.3876,2025-12-16,6.828,326,2025,35,Comedy
10751,991494,The SpongeBob Movie: Search for SquarePants,en,20.3876,2025-12-16,6.828,326,2025,10751,Family
14,991494,The SpongeBob Movie: Search for SquarePants,en,20.3876,2025-12-16,6.828,326,2025,14,Fantasy
18,68718,Django Unchained,en,22.5452,2012-12-25,8.193,28273,2012,18,Drama
37,68718,Django Unchained,en,22.5452,2012-12-25,8.193,28273,2012,37,Western
35,466272,Once Upon a Time... in Hollywood,en,21.8759,2019-07-24,7.421,15012,2019,35,Comedy
18,466272,Once Upon a Time... in Hollywood,en,21.8759,2019-07-24,7.421,15012,2019,18,Drama
53,466272,Once Upon a Time... in Hollywood,en,21.8759,2019-07-24,7.421,15012,2019,53,Thriller
28,111,Scarface,en,20.8487,1983-12-09,8.155,13207,1983,28,Action
80,111,Scarface,en,20.8487,1983-12-09,8.155,13207,1983,80,Crime
18,111,Scarface,en,20.8487,1983-12-09,8.155,13207,1983,18,Drama
12,823219,Flow,lv,21.3344,2024-08-29,8.074,2939,2024,12,Adventure
16,823219,Flow,lv,21.3344,2024-08-29,8.074,2939,2024,16,Animation
10751,823219,Flow,lv,21.3344,2024-08-29,8.074,2939,2024,10751,Family
14,823219,Flow,lv,21.3344,2024-08-29,8.074,2939,2024,14,Fantasy
35,18785,The Hangover,en,22.4059,2009-06-02,7.337,18268,2009,35,Comedy
14,967941,Wicked: For Good,en,20.2654,2025-11-19,6.622,1077,2025,14,Fantasy
12,967941,Wicked: For Good,en,20.2654,2025-11-19,6.622,1077,2025,12,Adventure
10749,967941,Wicked: For Good,en,20.2654,2025-11-19,6.622,1077,2025,10749,Romance
28,76338,Thor: The Dark World,en,21.4637,2013-10-30,6.512,18463,2013,28,Action
12,76338,Thor: The Dark World,en,21.4637,2013-10-30,6.512,18463,2013,12,Adventure
14,76338,Thor: The Dark World,en,21.4637,2013-10-30,6.512,18463,2013,14,Fantasy
35,313369,La La Land,en,22.131,2016-12-01,7.898,18260,2016,35,Comedy
18,313369,La La Land,en,22.131,2016-12-01,7.898,18260,2016,18,Drama
10749,313369,La La Land,en,22.131,2016-12-01,7.898,18260,2016,10749,Romance
18,207,Dead Poets Society,en,22.7365,1989-06-02,8.3,12752,1989,18,Drama
18,402431,Wicked,en,20.7418,2024-10-16,6.911,3133,2024,18,Drama
10749,402431,Wicked,en,20.7418,2024-10-16,6.911,3133,2024,10749,Romance
14,402431,Wicked,en,20.7418,2024-10-16,6.911,3133,2024,14,Fantasy
27,348,Alien,en,21.1762,1979-05-25,8.171,16567,1979,27,Horror
878,348,Alien,en,21.1762,1979-05-25,8.171,16567,1979,878,Science Fiction
27,1246049,Dracula,fr,19.8757,2025-07-30,7.231,1382,2025,27,Horror
14,1246049,Dracula,fr,19.8757,2025-07-30,7.231,1382,2025,14,Fantasy
10749,1246049,Dracula,fr,19.8757,2025-07-30,7.231,1382,2025,10749,Romance
18,744275,After We Fell,en,20.6707,2021-09-01,6.999,2758,2021,18,Drama
10749,744275,After We Fell,en,20.6707,2021-09-01,6.999,2758,2021,10749,Romance
16,260514,Cars 3,en,22.6939,2017-06-15,6.865,6478,2017,16,Animation
18,260514,Cars 3,en,22.6939,2017-06-15,6.865,6478,2017,18,Drama
10751,260514,Cars 3,en,22.6939,2017-06-15,6.865,6478,2017,10751,Family
18,216015,Fifty Shades of Grey,en,20.3577,2015-02-11,5.867,12471,2015,18,Drama
10749,216015,Fifty Shades of Grey,en,20.3577,2015-02-11,5.867,12471,2015,10749,Romance
53,216015,Fifty Shades of Grey,en,20.3577,2015-02-11,5.867,12471,2015,53,Thriller
16,14160,Up,en,21.3091,2009-05-28,7.961,21854,2009,16,Animation
35,14160,Up,en,21.3091,2009-05-28,7.961,21854,2009,35,Comedy
10751,14160,Up,en,21.3091,2009-05-28,7.961,21854,2009,10751,Family
12,14160,Up,en,21.3091,2009-05-28,7.961,21854,2009,12,Adventure
878,604079,The Long Walk,en,21.191,2025-09-10,6.874,1724,2025,878,Science Fiction
53,604079,The Long Walk,en,21.191,2025-09-10,6.874,1724,2025,53,Thriller
27,604079,The Long Walk,en,21.191,2025-09-10,6.874,1724,2025,27,Horror
35,4247,Scary Movie,en,20.477,2000-07-07,6.425,7981,2000,35,Comedy
28,577922,Tenet,en,20.9745,2020-08-22,7.176,11276,2020,28,Action
53,577922,Tenet,en,20.9745,2020-08-22,7.176,11276,2020,53,Thriller
878,577922,Tenet,en,20.9745,2020-08-22,7.176,11276,2020,878,Science Fiction
18,10867,Malena,it,19.9205,2000-10-27,7.544,2747,2000,18,Drama
80,6977,No Country for Old Men,en,21.1054,2007-11-09,7.949,13515,2007,80,Crime
53,6977,No Country for Old Men,en,21.1054,2007-11-09,7.949,13515,2007,53,Thriller
37,6977,No Country for Old Men,en,21.1054,2007-11-09,7.949,13515,2007,37,Western
16,109445,Frozen,en,20.6632,2013-11-20,7.25,17705,2013,16,Animation
10751,109445,Frozen,en,20.6632,2013-11-20,7.25,17705,2013,10751,Family
12,109445,Frozen,en,20.6632,2013-11-20,7.25,17705,2013,12,Adventure
14,109445,Frozen,en,20.6632,2013-11-20,7.25,17705,2013,14,Fantasy
10749,1316092,"""Wuthering Heights""",en,20.8751,2026-02-11,6.661,1216,2026,10749,Romance
18,1316092,"""Wuthering Heights""",en,20.8751,2026-02-11,6.661,1216,2026,18,Drama
18,1495,Kingdom of Heaven,en,19.4933,2005-05-03,7.07,5088,2005,18,Drama
28,1495,Kingdom of Heaven,en,19.4933,2005-05-03,7.07,5088,2005,28,Action
12,1495,Kingdom of Heaven,en,19.4933,2005-05-03,7.07,5088,2005,12,Adventure
36,1495,Kingdom of Heaven,en,19.4933,2005-05-03,7.07,5088,2005,36,History
10752,1495,Kingdom of Heaven,en,19.4933,2005-05-03,7.07,5088,2005,10752,War
37,429,"The Good, the Bad and the Ugly",it,21.2322,1966-12-23,8.5,9775,1966,37,Western
878,102899,Ant-Man,en,20.7845,2015-07-14,7.067,21005,2015,878,Science Fiction
12,102899,Ant-Man,en,20.7845,2015-07-14,7.067,21005,2015,12,Adventure
28,102899,Ant-Man,en,20.7845,2015-07-14,7.067,21005,2015,28,Action
53,1250,Ghost Rider,en,20.8504,2007-01-15,5.616,6548,2007,53,Thriller
28,1250,Ghost Rider,en,20.8504,2007-01-15,5.616,6548,2007,28,Action
14,1250,Ghost Rider,en,20.8504,2007-01-15,5.616,6548,2007,14,Fantasy
16,809,Shrek 2,en,21.553,2004-05-19,7.327,13589,2004,16,Animation
35,809,Shrek 2,en,21.553,2004-05-19,7.327,13589,2004,35,Comedy
10751,809,Shrek 2,en,21.553,2004-05-19,7.327,13589,2004,10751,Family
14,809,Shrek 2,en,21.553,2004-05-19,7.327,13589,2004,14,Fantasy
10749,809,Shrek 2,en,21.553,2004-05-19,7.327,13589,2004,10749,Romance
28,562,Die Hard,en,21.3547,1988-07-15,7.815,12431,1988,28,Action
53,562,Die Hard,en,21.3547,1988-07-15,7.815,12431,1988,53,Thriller
878,106,Predator,en,20.5094,1987-06-12,7.573,9303,1987,878,Science Fiction
28,106,Predator,en,20.5094,1987-06-12,7.573,9303,1987,28,Action
12,106,Predator,en,20.5094,1987-06-12,7.573,9303,1987,12,Adventure
53,106,Predator,en,20.5094,1987-06-12,7.573,9303,1987,53,Thriller
18,1317288,Marty Supreme,en,22.5009,2025-12-19,7.4,1995,2025,18,Drama
53,1317288,Marty Supreme,en,22.5009,2025-12-19,7.4,1995,2025,53,Thriller
28,615656,Meg 2: The Trench,en,19.3882,2023-08-02,6.376,4034,2023,28,Action
878,615656,Meg 2: The Trench,en,19.3882,2023-08-02,6.376,4034,2023,878,Science Fiction
27,615656,Meg 2: The Trench,en,19.3882,2023-08-02,6.376,4034,2023,27,Horror
10749,829557,365 Days: This Day,pl,20.4909,2022-04-26,5.951,1858,2022,10749,Romance
18,829557,365 Days: This Day,pl,20.4909,2022-04-26,5.951,1858,2022,18,Drama
28,679,Aliens,en,20.9891,1986-07-18,7.966,10986,1986,28,Action
53,679,Aliens,en,20.9891,1986-07-18,7.966,10986,1986,53,Thriller
878,679,Aliens,en,20.9891,1986-07-18,7.966,10986,1986,878,Science Fiction
14,4935,Howl's Moving Castle,ja,20.6764,2004-09-09,8.389,11234,2004,14,Fantasy
16,4935,Howl's Moving Castle,ja,20.6764,2004-09-09,8.389,11234,2004,16,Animation
12,4935,Howl's Moving Castle,ja,20.6764,2004-09-09,8.389,11234,2004,12,Adventure
27,578,Jaws,en,20.7326,1975-06-20,7.683,11675,1975,27,Horror
53,578,Jaws,en,20.7326,1975-06-20,7.683,11675,1975,53,Thriller
12,578,Jaws,en,20.7326,1975-06-20,7.683,11675,1975,12,Adventure
16,38757,Tangled,en,20.7729,2010-11-24,7.614,12513,2010,16,Animation
10751,38757,Tangled,en,20.7729,2010-11-24,7.614,12513,2010,10751,Family
12,38757,Tangled,en,20.7729,2010-11-24,7.614,12513,2010,12,Adventure
28,11649,Masters of the Universe,en,19.9609,1987-08-07,5.826,1095,1987,28,Action
14,11649,Masters of the Universe,en,19.9609,1987-08-07,5.826,1095,1987,14,Fantasy
878,11649,Masters of the Universe,en,19.9609,1987-08-07,5.826,1095,1987,878,Science Fiction
12,140607,Star Wars: The Force Awakens,en,20.3809,2015-12-15,7.247,20683,2015,12,Adventure
28,140607,Star Wars: The Force Awakens,en,20.3809,2015-12-15,7.247,20683,2015,28,Action
878,140607,Star Wars: The Force Awakens,en,20.3809,2015-12-15,7.247,20683,2015,878,Science Fiction
878,1724,The Incredible Hulk,en,20.0157,2008-06-12,6.248,12846,2008,878,Science Fiction
28,1724,The Incredible Hulk,en,20.0157,2008-06-12,6.248,12846,2008,28,Action
12,1724,The Incredible Hulk,en,20.0157,2008-06-12,6.248,12846,2008,12,Adventure
27,1315303,Primate,en,19.775,2026-01-01,6.542,757,2026,27,Horror
53,1315303,Primate,en,19.775,2026-01-01,6.542,757,2026,53,Thriller
12,116745,The Secret Life of Walter Mitty,en,18.1889,2013-12-18,7.227,8359,2013,12,Adventure
35,116745,The Secret Life of Walter Mitty,en,18.1889,2013-12-18,7.227,8359,2013,35,Comedy
18,116745,The Secret Life of Walter Mitty,en,18.1889,2013-12-18,7.227,8359,2013,18,Drama
14,116745,The Secret Life of Walter Mitty,en,18.1889,2013-12-18,7.227,8359,2013,14,Fantasy
16,508947,Turning Red,en,19.669,2022-03-10,7.334,5952,2022,16,Animation
10751,508947,Turning Red,en,19.669,2022-03-10,7.334,5952,2022,10751,Family
35,508947,Turning Red,en,19.669,2022-03-10,7.334,5952,2022,35,Comedy
14,508947,Turning Red,en,19.669,2022-03-10,7.334,5952,2022,14,Fantasy
12,58,Pirates of the Caribbean: Dead Man's Chest,en,20.1934,2006-07-06,7.4,17364,2006,12,Adventure
14,58,Pirates of the Caribbean: Dead Man's Chest,en,20.1934,2006-07-06,7.4,17364,2006,14,Fantasy
28,58,Pirates of the Caribbean: Dead Man's Chest,en,20.1934,2006-07-06,7.4,17364,2006,28,Action
12,1891,The Empire Strikes Back,en,20.7272,1980-05-20,8.392,18590,1980,12,Adventure
28,1891,The Empire Strikes Back,en,20.7272,1980-05-20,8.392,18590,1980,28,Action
878,1891,The Empire Strikes Back,en,20.7272,1980-05-20,8.392,18590,1980,878,Science Fiction
27,1084199,Companion,en,19.4128,2025-01-22,7.016,2448,2025,27,Horror
878,1084199,Companion,en,19.4128,2025-01-22,7.016,2448,2025,878,Science Fiction
53,1084199,Companion,en,19.4128,2025-01-22,7.016,2448,2025,53,Thriller
12,181812,Star Wars: The Rise of Skywalker,en,19.3734,2019-12-18,6.262,10958,2019,12,Adventure
28,181812,Star Wars: The Rise of Skywalker,en,19.3734,2019-12-18,6.262,10958,2019,28,Action
878,181812,Star Wars: The Rise of Skywalker,en,19.3734,2019-12-18,6.262,10958,2019,878,Science Fiction
18,37257,Witness for the Prosecution,en,15.2802,1957-12-17,8.2,1729,1957,18,Drama
9648,37257,Witness for the Prosecution,en,15.2802,1957-12-17,8.2,1729,1957,9648,Mystery
80,37257,Witness for the Prosecution,en,15.2802,1957-12-17,8.2,1729,1957,80,Crime
878,62,2001: A Space Odyssey,en,20.0093,1968-04-02,8.048,12737,1968,878,Science Fiction
9648,62,2001: A Space Odyssey,en,20.0093,1968-04-02,8.048,12737,1968,9648,Mystery
12,62,2001: A Space Odyssey,en,20.0093,1968-04-02,8.048,12737,1968,12,Adventure
9648,210577,Gone Girl,en,18.6085,2014-10-01,7.891,20138,2014,9648,Mystery
53,210577,Gone Girl,en,18.6085,2014-10-01,7.891,20138,2014,53,Thriller
18,210577,Gone Girl,en,18.6085,2014-10-01,7.891,20138,2014,18,Drama
28,7451,xXx,en,18.6294,2002-08-09,5.988,4968,2002,28,Action
12,7451,xXx,en,18.6294,2002-08-09,5.988,4968,2002,12,Adventure
53,7451,xXx,en,18.6294,2002-08-09,5.988,4968,2002,53,Thriller
80,7451,xXx,en,18.6294,2002-08-09,5.988,4968,2002,80,Crime
18,7451,xXx,en,18.6294,2002-08-09,5.988,4968,2002,18,Drama
28,566525,Shang-Chi and the Legend of the Ten Rings,en,19.8226,2021-09-01,7.493,10527,2021,28,Action
12,566525,Shang-Chi and the Legend of the Ten Rings,en,19.8226,2021-09-01,7.493,10527,2021,12,Adventure
14,566525,Shang-Chi and the Legend of the Ten Rings,en,19.8226,2021-09-01,7.493,10527,2021,14,Fantasy
10751,406997,Wonder,en,19.23,2017-11-13,8.104,8316,2017,10751,Family
18,406997,Wonder,en,19.23,2017-11-13,8.104,8316,2017,18,Drama
35,2105,American Pie,en,20.1011,1999-07-09,6.6,8414,1999,35,Comedy
10749,2105,American Pie,en,20.1011,1999-07-09,6.6,8414,1999,10749,Romance
18,549509,The Brutalist,en,19.821,2024-12-20,6.952,1704,2024,18,Drama
28,345940,The Meg,en,19.547,2018-08-09,6.252,8269,2018,28,Action
878,345940,The Meg,en,19.547,2018-08-09,6.252,8269,2018,878,Science Fiction
27,345940,The Meg,en,19.547,2018-08-09,6.252,8269,2018,27,Horror
10749,3933,Corpse Bride,en,18.1499,2005-09-12,7.593,10296,2005,10749,Romance
14,3933,Corpse Bride,en,18.1499,2005-09-12,7.593,10296,2005,14,Fantasy
16,3933,Corpse Bride,en,18.1499,2005-09-12,7.593,10296,2005,16,Animation
12,1234731,Anaconda,en,18.7209,2025-12-24,5.843,1302,2025,12,Adventure
35,1234731,Anaconda,en,18.7209,2025-12-24,5.843,1302,2025,35,Comedy
27,1234731,Anaconda,en,18.7209,2025-12-24,5.843,1302,2025,27,Horror
878,667538,Transformers: Rise of the Beasts,en,17.1938,2023-06-06,7.169,5338,2023,878,Science Fiction
12,667538,Transformers: Rise of the Beasts,en,17.1938,2023-06-06,7.169,5338,2023,12,Adventure
28,667538,Transformers: Rise of the Beasts,en,17.1938,2023-06-06,7.169,5338,2023,28,Action
28,1390300,Over Your Dead Body,en,18.708,2026-03-14,6.5,472,2026,28,Action
35,1390300,Over Your Dead Body,en,18.708,2026-03-14,6.5,472,2026,35,Comedy
53,1390300,Over Your Dead Body,en,18.708,2026-03-14,6.5,472,2026,53,Thriller
16,976573,Elemental,en,19.4774,2023-06-14,7.588,5432,2023,16,Animation
35,976573,Elemental,en,19.4774,2023-06-14,7.588,5432,2023,35,Comedy
10751,976573,Elemental,en,19.4774,2023-06-14,7.588,5432,2023,10751,Family
10749,976573,Elemental,en,19.4774,2023-06-14,7.588,5432,2023,10749,Romance
16,920,Cars,en,19.7795,2006-06-08,7.042,15281,2006,16,Animation
12,920,Cars,en,19.7795,2006-06-08,7.042,15281,2006,12,Adventure
35,920,Cars,en,19.7795,2006-06-08,7.042,15281,2006,35,Comedy
10751,920,Cars,en,19.7795,2006-06-08,7.042,15281,2006,10751,Family
16,20352,Despicable Me,en,20.3616,2010-07-08,7.261,16182,2010,16,Animation
35,20352,Despicable Me,en,20.3616,2010-07-08,7.261,16182,2010,35,Comedy
80,20352,Despicable Me,en,20.3616,2010-07-08,7.261,16182,2010,80,Crime
878,20352,Despicable Me,en,20.3616,2010-07-08,7.261,16182,2010,878,Science Fiction
10751,20352,Despicable Me,en,20.3616,2010-07-08,7.261,16182,2010,10751,Family
27,1064028,Subservience,en,19.7109,2024-08-15,6.629,1055,2024,27,Horror
878,1064028,Subservience,en,19.7109,2024-08-15,6.629,1055,2024,878,Science Fiction
53,1064028,Subservience,en,19.7109,2024-08-15,6.629,1055,2024,53,Thriller
18,1156593,Your Fault,es,19.4735,2024-12-26,7.093,1598,2024,18,Drama
10749,1156593,Your Fault,es,19.4735,2024-12-26,7.093,1598,2024,10749,Romance
878,78,Blade Runner,en,19.134,1982-06-25,7.935,15159,1982,878,Science Fiction
18,78,Blade Runner,en,19.134,1982-06-25,7.935,15159,1982,18,Drama
53,78,Blade Runner,en,19.134,1982-06-25,7.935,15159,1982,53,Thriller
18,615,The Passion of the Christ,en,19.112,2004-02-25,7.547,5258,2004,18,Drama
18,490132,Green Book,en,19.8565,2018-11-16,8.226,13027,2018,18,Drama
35,490132,Green Book,en,19.8565,2018-11-16,8.226,13027,2018,35,Comedy
36,490132,Green Book,en,19.8565,2018-11-16,8.226,13027,2018,36,History
10751,447273,Snow White,en,19.8868,2025-03-19,4.282,1690,2025,10751,Family
14,447273,Snow White,en,19.8868,2025-03-19,4.282,1690,2025,14,Fantasy
28,263115,Logan,en,18.7125,2017-02-28,7.822,20569,2017,28,Action
18,263115,Logan,en,18.7125,2017-02-28,7.822,20569,2017,18,Drama
878,263115,Logan,en,18.7125,2017-02-28,7.822,20569,2017,878,Science Fiction
28,603692,John Wick: Chapter 4,en,19.539,2023-03-21,7.711,8105,2023,28,Action
53,603692,John Wick: Chapter 4,en,19.539,2023-03-21,7.711,8105,2023,53,Thriller
80,603692,John Wick: Chapter 4,en,19.539,2023-03-21,7.711,8105,2023,80,Crime
12,49051,The Hobbit: An Unexpected Journey,en,19.3697,2012-12-12,7.379,19811,2012,12,Adventure
14,49051,The Hobbit: An Unexpected Journey,en,19.3697,2012-12-12,7.379,19811,2012,14,Fantasy
28,49051,The Hobbit: An Unexpected Journey,en,19.3697,2012-12-12,7.379,19811,2012,28,Action
27,764,The Evil Dead,en,17.6382,1982-05-25,7.275,4572,1982,27,Horror
10751,330457,Frozen II,en,19.4747,2019-11-20,7.229,10361,2019,10751,Family
16,330457,Frozen II,en,19.4747,2019-11-20,7.229,10361,2019,16,Animation
12,330457,Frozen II,en,19.4747,2019-11-20,7.229,10361,2019,12,Adventure
35,330457,Frozen II,en,19.4747,2019-11-20,7.229,10361,2019,35,Comedy
14,330457,Frozen II,en,19.4747,2019-11-20,7.229,10361,2019,14,Fantasy
28,497698,Black Widow,en,19.8027,2021-07-07,7.162,11375,2021,28,Action
12,497698,Black Widow,en,19.8027,2021-07-07,7.162,11375,2021,12,Adventure
878,497698,Black Widow,en,19.8027,2021-07-07,7.162,11375,2021,878,Science Fiction
28,299537,Captain Marvel,en,19.2497,2019-03-06,6.778,16896,2019,28,Action
12,299537,Captain Marvel,en,19.2497,2019-03-06,6.778,16896,2019,12,Adventure
878,299537,Captain Marvel,en,19.2497,2019-03-06,6.778,16896,2019,878,Science Fiction
18,1064213,Anora,en,20.0222,2024-10-14,7.077,3293,2024,18,Drama
35,1064213,Anora,en,20.0222,2024-10-14,7.077,3293,2024,35,Comedy
10749,1064213,Anora,en,20.0222,2024-10-14,7.077,3293,2024,10749,Romance
53,290098,The Handmaiden,ko,19.0168,2016-06-01,8.182,4401,2016,53,Thriller
18,290098,The Handmaiden,ko,19.0168,2016-06-01,8.182,4401,2016,18,Drama
10749,290098,The Handmaiden,ko,19.0168,2016-06-01,8.182,4401,2016,10749,Romance
28,1011985,Kung Fu Panda 4,en,19.1128,2024-03-02,7.005,3597,2024,28,Action
12,1011985,Kung Fu Panda 4,en,19.1128,2024-03-02,7.005,3597,2024,12,Adventure
16,1011985,Kung Fu Panda 4,en,19.1128,2024-03-02,7.005,3597,2024,16,Animation
35,1011985,Kung Fu Panda 4,en,19.1128,2024-03-02,7.005,3597,2024,35,Comedy
10751,1011985,Kung Fu Panda 4,en,19.1128,2024-03-02,7.005,3597,2024,10751,Family
14,1011985,Kung Fu Panda 4,en,19.1128,2024-03-02,7.005,3597,2024,14,Fantasy
28,72190,World War Z,en,19.0994,2013-06-19,6.845,16775,2013,28,Action
27,72190,World War Z,en,19.0994,2013-06-19,6.845,16775,2013,27,Horror
878,72190,World War Z,en,19.0994,2013-06-19,6.845,16775,2013,878,Science Fiction
35,637,Life Is Beautiful,it,18.9182,1997-12-20,8.439,14100,1997,35,Comedy
18,637,Life Is Beautiful,it,18.9182,1997-12-20,8.439,14100,1997,18,Drama
10749,398818,Call Me by Your Name,en,18.427,2017-10-01,8.086,12845,2017,10749,Romance
18,398818,Call Me by Your Name,en,18.427,2017-10-01,8.086,12845,2017,18,Drama
18,27,9 Songs,en,18.4051,2004-07-16,5.551,588,2004,18,Drama
10402,27,9 Songs,en,18.4051,2004-07-16,5.551,588,2004,10402,Music
10749,27,9 Songs,en,18.4051,2004-07-16,5.551,588,2004,10749,Romance
14,8966,Twilight,en,18.3444,2008-11-20,6.281,14511,2008,14,Fantasy
18,8966,Twilight,en,18.3444,2008-11-20,6.281,14511,2008,18,Drama
10749,8966,Twilight,en,18.3444,2008-11-20,6.281,14511,2008,10749,Romance
27,567609,Ready or Not,en,19.4492,2019-08-21,7.092,5687,2019,27,Horror
35,567609,Ready or Not,en,19.4492,2019-08-21,7.092,5687,2019,35,Comedy
14,259316,Fantastic Beasts and Where to Find Them,en,17.9055,2016-11-16,7.309,19816,2016,14,Fantasy
12,259316,Fantastic Beasts and Where to Find Them,en,17.9055,2016-11-16,7.309,19816,2016,12,Adventure
18,296096,Me Before You,en,18.4716,2016-06-01,7.929,13410,2016,18,Drama
10749,296096,Me Before You,en,18.4716,2016-06-01,7.929,13410,2016,10749,Romance
18,329865,Arrival,en,19.4542,2016-11-10,7.631,19581,2016,18,Drama
878,329865,Arrival,en,19.4542,2016-11-10,7.631,19581,2016,878,Science Fiction
9648,329865,Arrival,en,19.4542,2016-11-10,7.631,19581,2016,9648,Mystery
878,246655,X-Men: Apocalypse,en,18.2659,2016-05-18,6.527,13891,2016,878,Science Fiction
14,246655,X-Men: Apocalypse,en,18.2659,2016-05-18,6.527,13891,2016,14,Fantasy
28,246655,X-Men: Apocalypse,en,18.2659,2016-05-18,6.527,13891,2016,28,Action
18,381284,Hidden Figures,en,17.404,2016-12-10,8.045,10533,2016,18,Drama
36,381284,Hidden Figures,en,17.404,2016-12-10,8.045,10533,2016,36,History
18,411088,The Invisible Guest,es,16.3228,2017-01-06,8.079,5060,2017,18,Drama
9648,411088,The Invisible Guest,es,16.3228,2017-01-06,8.079,5060,2017,9648,Mystery
53,411088,The Invisible Guest,es,16.3228,2017-01-06,8.079,5060,2017,53,Thriller
16,508442,Soul,en,19.7671,2020-12-25,8.091,11558,2020,16,Animation
10751,508442,Soul,en,19.7671,2020-12-25,8.091,11558,2020,10751,Family
18,508442,Soul,en,19.7671,2020-12-25,8.091,11558,2020,18,Drama
10402,508442,Soul,en,19.7671,2020-12-25,8.091,11558,2020,10402,Music
14,508442,Soul,en,19.7671,2020-12-25,8.091,11558,2020,14,Fantasy
16,438148,Minions: The Rise of Gru,en,17.7934,2022-06-29,7.3,4061,2022,16,Animation
35,438148,Minions: The Rise of Gru,en,17.7934,2022-06-29,7.3,4061,2022,35,Comedy
878,438148,Minions: The Rise of Gru,en,17.7934,2022-06-29,7.3,4061,2022,878,Science Fiction
80,438148,Minions: The Rise of Gru,en,17.7934,2022-06-29,7.3,4061,2022,80,Crime
10751,438148,Minions: The Rise of Gru,en,17.7934,2022-06-29,7.3,4061,2022,10751,Family
28,541671,Ballerina,en,18.9287,2025-06-04,7.252,2777,2025,28,Action
53,541671,Ballerina,en,18.9287,2025-06-04,7.252,2777,2025,53,Thriller
80,541671,Ballerina,en,18.9287,2025-06-04,7.252,2777,2025,80,Crime
28,823464,Godzilla x Kong: The New Empire,en,17.4115,2024-03-27,7.047,4764,2024,28,Action
12,823464,Godzilla x Kong: The New Empire,en,17.4115,2024-03-27,7.047,4764,2024,12,Adventure
878,823464,Godzilla x Kong: The New Empire,en,17.4115,2024-03-27,7.047,4764,2024,878,Science Fiction
53,812583,Wake Up Dead Man: A Knives Out Mystery,en,18.9379,2025-11-26,7.213,2676,2025,53,Thriller
9648,812583,Wake Up Dead Man: A Knives Out Mystery,en,18.9379,2025-11-26,7.213,2676,2025,9648,Mystery
35,812583,Wake Up Dead Man: A Knives Out Mystery,en,18.9379,2025-11-26,7.213,2676,2025,35,Comedy
12,507086,Jurassic World Dominion,en,18.5523,2022-06-01,6.601,7158,2022,12,Adventure
878,507086,Jurassic World Dominion,en,18.5523,2022-06-01,6.601,7158,2022,878,Science Fiction
53,507086,Jurassic World Dominion,en,18.5523,2022-06-01,6.601,7158,2022,53,Thriller
12,953,Madagascar,en,18.3751,2005-05-25,6.9,11842,2005,12,Adventure
16,953,Madagascar,en,18.3751,2005-05-25,6.9,11842,2005,16,Animation
35,953,Madagascar,en,18.3751,2005-05-25,6.9,11842,2005,35,Comedy
10751,953,Madagascar,en,18.3751,2005-05-25,6.9,11842,2005,10751,Family
878,701387,Bugonia,en,19.2657,2025-10-23,7.304,2159,2025,878,Science Fiction
53,701387,Bugonia,en,19.2657,2025-10-23,7.304,2159,2025,53,Thriller
35,701387,Bugonia,en,19.2657,2025-10-23,7.304,2159,2025,35,Comedy
35,38365,Grown Ups,en,20.0541,2010-06-24,6.428,6774,2010,35,Comedy
878,1119449,"Good Luck, Have Fun, Don't Die",en,18.3272,2026-02-13,7.074,757,2026,878,Science Fiction
28,1119449,"Good Luck, Have Fun, Don't Die",en,18.3272,2026-02-13,7.074,757,2026,28,Action
35,1119449,"Good Luck, Have Fun, Don't Die",en,18.3272,2026-02-13,7.074,757,2026,35,Comedy
18,311,Once Upon a Time in America,en,17.9709,1984-05-23,8.376,6121,1984,18,Drama
80,311,Once Upon a Time in America,en,17.9709,1984-05-23,8.376,6121,1984,80,Crime
35,11852,The Hot Chick,en,17.5868,2002-12-13,6.4,2209,2002,35,Comedy
14,11852,The Hot Chick,en,17.5868,2002-12-13,6.4,2209,2002,14,Fantasy
53,637649,Wrath of Man,en,18.9717,2021-04-22,7.574,6188,2021,53,Thriller
80,637649,Wrath of Man,en,18.9717,2021-04-22,7.574,6188,2021,80,Crime
18,637649,Wrath of Man,en,18.9717,2021-04-22,7.574,6188,2021,18,Drama
27,426063,Nosferatu,en,17.6315,2024-12-25,6.712,3797,2024,27,Horror
14,426063,Nosferatu,en,17.6315,2024-12-25,6.712,3797,2024,14,Fantasy
12,285,Pirates of the Caribbean: At World's End,en,18.2583,2007-05-19,7.277,15636,2007,12,Adventure
14,285,Pirates of the Caribbean: At World's End,en,18.2583,2007-05-19,7.277,15636,2007,14,Fantasy
28,285,Pirates of the Caribbean: At World's End,en,18.2583,2007-05-19,7.277,15636,2007,28,Action
28,24,Kill Bill: Vol. 1,en,19.6681,2003-10-10,8.0,19145,2003,28,Action
80,24,Kill Bill: Vol. 1,en,19.6681,2003-10-10,8.0,19145,2003,80,Crime
27,1193501,Whistle,en,16.7222,2026-01-20,6.343,607,2026,27,Horror
9648,1193501,Whistle,en,16.7222,2026-01-20,6.343,607,2026,9648,Mystery
18,20453,3 Idiots,hi,17.5634,2009-12-23,8.006,2767,2009,18,Drama
35,20453,3 Idiots,hi,17.5634,2009-12-23,8.006,2767,2009,35,Comedy
27,259693,The Conjuring 2,en,16.6209,2016-06-08,7.293,9286,2016,27,Horror
27,696393,Cold Storage,en,16.0693,2026-01-22,6.794,632,2026,27,Horror
878,696393,Cold Storage,en,16.0693,2026-01-22,6.794,632,2026,878,Science Fiction
35,696393,Cold Storage,en,16.0693,2026-01-22,6.794,632,2026,35,Comedy
878,696506,Mickey 17,en,17.1698,2025-02-28,6.837,3717,2025,878,Science Fiction
35,696506,Mickey 17,en,17.1698,2025-02-28,6.837,3717,2025,35,Comedy
12,696506,Mickey 17,en,17.1698,2025-02-28,6.837,3717,2025,12,Adventure
28,9502,Kung Fu Panda,en,18.4186,2008-06-04,7.332,12800,2008,28,Action
16,9502,Kung Fu Panda,en,18.4186,2008-06-04,7.332,12800,2008,16,Animation
35,9502,Kung Fu Panda,en,18.4186,2008-06-04,7.332,12800,2008,35,Comedy
10751,9502,Kung Fu Panda,en,18.4186,2008-06-04,7.332,12800,2008,10751,Family
28,68721,Iron Man 3,en,18.3508,2013-04-18,6.933,23594,2013,28,Action
12,68721,Iron Man 3,en,18.3508,2013-04-18,6.933,23594,2013,12,Adventure
878,68721,Iron Man 3,en,18.3508,2013-04-18,6.933,23594,2013,878,Science Fiction
18,423,The Pianist,en,17.9513,2002-09-17,8.371,10265,2002,18,Drama
10752,423,The Pianist,en,17.9513,2002-09-17,8.371,10265,2002,10752,War
27,1091,The Thing,en,17.0418,1982-06-25,8.071,8072,1982,27,Horror
9648,1091,The Thing,en,17.0418,1982-06-25,8.071,8072,1982,9648,Mystery
878,1091,The Thing,en,17.0418,1982-06-25,8.071,8072,1982,878,Science Fiction
53,1359,American Psycho,en,15.0815,2000-04-13,7.401,12460,2000,53,Thriller
18,1359,American Psycho,en,15.0815,2000-04-13,7.401,12460,2000,18,Drama
80,1359,American Psycho,en,15.0815,2000-04-13,7.401,12460,2000,80,Crime
28,791373,Zack Snyder's Justice League,en,18.2301,2021-03-18,8.084,10961,2021,28,Action
12,791373,Zack Snyder's Justice League,en,18.2301,2021-03-18,8.084,10961,2021,12,Adventure
14,791373,Zack Snyder's Justice League,en,18.2301,2021-03-18,8.084,10961,2021,14,Fantasy
28,786892,Furiosa: A Mad Max Saga,en,17.3398,2024-05-22,7.446,5014,2024,28,Action
878,786892,Furiosa: A Mad Max Saga,en,17.3398,2024-05-22,7.446,5014,2024,878,Science Fiction
12,786892,Furiosa: A Mad Max Saga,en,17.3398,2024-05-22,7.446,5014,2024,12,Adventure
16,698687,Transformers One,en,17.1814,2024-09-11,7.981,1697,2024,16,Animation
878,698687,Transformers One,en,17.1814,2024-09-11,7.981,1697,2024,878,Science Fiction
12,698687,Transformers One,en,17.1814,2024-09-11,7.981,1697,2024,12,Adventure
10751,698687,Transformers One,en,17.1814,2024-09-11,7.981,1697,2024,10751,Family
12,1865,Pirates of the Caribbean: On Stranger Tides,en,17.7389,2011-05-15,6.6,15088,2011,12,Adventure
28,1865,Pirates of the Caribbean: On Stranger Tides,en,17.7389,2011-05-15,6.6,15088,2011,28,Action
14,1865,Pirates of the Caribbean: On Stranger Tides,en,17.7389,2011-05-15,6.6,15088,2011,14,Fantasy
18,9769,Lolita,en,15.9614,1997-09-27,7.1,1991,1997,18,Drama
80,949,Heat,en,16.5091,1995-12-15,7.942,8495,1995,80,Crime
18,949,Heat,en,16.5091,1995-12-15,7.942,8495,1995,18,Drama
28,949,Heat,en,16.5091,1995-12-15,7.942,8495,1995,28,Action
12,135397,Jurassic World,en,17.6481,2015-06-06,6.703,21725,2015,12,Adventure
878,135397,Jurassic World,en,17.6481,2015-06-06,6.703,21725,2015,878,Science Fiction
53,135397,Jurassic World,en,17.6481,2015-06-06,6.703,21725,2015,53,Thriller
28,1084187,Pretty Lethal,en,17.3227,2026-03-13,6.807,451,2026,28,Action
53,1084187,Pretty Lethal,en,17.3227,2026-03-13,6.807,451,2026,53,Thriller
27,1084187,Pretty Lethal,en,17.3227,2026-03-13,6.807,451,2026,27,Horror
12,62177,Brave,en,16.1895,2012-06-21,7.033,14297,2012,12,Adventure
16,62177,Brave,en,16.1895,2012-06-21,7.033,14297,2012,16,Animation
10751,62177,Brave,en,16.1895,2012-06-21,7.033,14297,2012,10751,Family
14,62177,Brave,en,16.1895,2012-06-21,7.033,14297,2012,14,Fantasy
12,118,Charlie and the Chocolate Factory,en,17.9199,2005-07-13,7.039,16233,2005,12,Adventure
35,118,Charlie and the Chocolate Factory,en,17.9199,2005-07-13,7.039,16233,2005,35,Comedy
10751,118,Charlie and the Chocolate Factory,en,17.9199,2005-07-13,7.039,16233,2005,10751,Family
14,118,Charlie and the Chocolate Factory,en,17.9199,2005-07-13,7.039,16233,2005,14,Fantasy
27,530385,Midsommar,en,17.1321,2019-07-03,7.147,8229,2019,27,Horror
18,530385,Midsommar,en,17.1321,2019-07-03,7.147,8229,2019,18,Drama
9648,530385,Midsommar,en,17.1321,2019-07-03,7.147,8229,2019,9648,Mystery
28,396535,Train to Busan,ko,17.471,2016-07-20,7.753,8516,2016,28,Action
27,396535,Train to Busan,ko,17.471,2016-07-20,7.753,8516,2016,27,Horror
53,396535,Train to Busan,ko,17.471,2016-07-20,7.753,8516,2016,53,Thriller
9648,419430,Get Out,en,16.9221,2017-02-24,7.624,19081,2017,9648,Mystery
53,419430,Get Out,en,16.9221,2017-02-24,7.624,19081,2017,53,Thriller
27,419430,Get Out,en,16.9221,2017-02-24,7.624,19081,2017,27,Horror
14,82702,How to Train Your Dragon 2,en,16.1286,2014-06-05,7.685,10547,2014,14,Fantasy
28,82702,How to Train Your Dragon 2,en,16.1286,2014-06-05,7.685,10547,2014,28,Action
12,82702,How to Train Your Dragon 2,en,16.1286,2014-06-05,7.685,10547,2014,12,Adventure
16,82702,How to Train Your Dragon 2,en,16.1286,2014-06-05,7.685,10547,2014,16,Animation
10751,82702,How to Train Your Dragon 2,en,16.1286,2014-06-05,7.685,10547,2014,10751,Family
10752,374720,Dunkirk,en,15.5313,2017-07-19,7.5,17722,2017,10752,War
28,374720,Dunkirk,en,15.5313,2017-07-19,7.5,17722,2017,28,Action
18,374720,Dunkirk,en,15.5313,2017-07-19,7.5,17722,2017,18,Drama
28,9806,The Incredibles,en,17.091,2004-10-27,7.728,19063,2004,28,Action
12,9806,The Incredibles,en,17.091,2004-10-27,7.728,19063,2004,12,Adventure
16,9806,The Incredibles,en,17.091,2004-10-27,7.728,19063,2004,16,Animation
10751,9806,The Incredibles,en,17.091,2004-10-27,7.728,19063,2004,10751,Family
9648,505026,Death on the Nile,en,15.4453,2022-02-09,6.41,4274,2022,9648,Mystery
80,505026,Death on the Nile,en,15.4453,2022-02-09,6.41,4274,2022,80,Crime
53,505026,Death on the Nile,en,15.4453,2022-02-09,6.41,4274,2022,53,Thriller
878,533533,TRON: Ares,en,19.3118,2025-10-08,6.465,1519,2025,878,Science Fiction
12,533533,TRON: Ares,en,19.3118,2025-10-08,6.465,1519,2025,12,Adventure
28,533533,TRON: Ares,en,19.3118,2025-10-08,6.465,1519,2025,28,Action
28,845781,Red One,en,17.8497,2024-10-31,6.972,3092,2024,28,Action
12,845781,Red One,en,17.8497,2024-10-31,6.972,3092,2024,12,Adventure
35,845781,Red One,en,17.8497,2024-10-31,6.972,3092,2024,35,Comedy
14,845781,Red One,en,17.8497,2024-10-31,6.972,3092,2024,14,Fantasy
10751,12155,Alice in Wonderland,en,17.0055,2010-03-03,6.645,14920,2010,10751,Family
14,12155,Alice in Wonderland,en,17.0055,2010-03-03,6.645,14920,2010,14,Fantasy
12,12155,Alice in Wonderland,en,17.0055,2010-03-03,6.645,14920,2010,12,Adventure
53,43947,I Spit on Your Grave,en,16.9562,2010-06-17,6.505,2620,2010,53,Thriller
80,43947,I Spit on Your Grave,en,16.9562,2010-06-17,6.505,2620,2010,80,Crime
27,43947,I Spit on Your Grave,en,16.9562,2010-06-17,6.505,2620,2010,27,Horror
28,460465,Mortal Kombat,en,17.0969,2021-04-07,7.05,6909,2021,28,Action
14,460465,Mortal Kombat,en,17.0969,2021-04-07,7.05,6909,2021,14,Fantasy
12,460465,Mortal Kombat,en,17.0969,2021-04-07,7.05,6909,2021,12,Adventure
878,70981,Prometheus,en,18.2868,2012-05-30,6.601,13387,2012,878,Science Fiction
9648,70981,Prometheus,en,18.2868,2012-05-30,6.601,13387,2012,9648,Mystery
27,70981,Prometheus,en,18.2868,2012-05-30,6.601,13387,2012,27,Horror
14,1417,Pan's Labyrinth,es,16.0031,2006-10-11,7.767,11577,2006,14,Fantasy
18,1417,Pan's Labyrinth,es,16.0031,2006-10-11,7.767,11577,2006,18,Drama
10752,1417,Pan's Labyrinth,es,16.0031,2006-10-11,7.767,11577,2006,10752,War
28,436270,Black Adam,en,20.3314,2022-10-19,6.787,7123,2022,28,Action
12,436270,Black Adam,en,20.3314,2022-10-19,6.787,7123,2022,12,Adventure
878,436270,Black Adam,en,20.3314,2022-10-19,6.787,7123,2022,878,Science Fiction
35,337404,Cruella,en,16.0992,2021-05-26,7.972,10173,2021,35,Comedy
80,337404,Cruella,en,16.0992,2021-05-26,7.972,10173,2021,80,Crime
18,337404,Cruella,en,16.0992,2021-05-26,7.972,10173,2021,18,Drama
12,278154,Ice Age: Collision Course,en,16.3417,2016-06-23,6.121,4928,2016,12,Adventure
16,278154,Ice Age: Collision Course,en,16.3417,2016-06-23,6.121,4928,2016,16,Animation
10751,278154,Ice Age: Collision Course,en,16.3417,2016-06-23,6.121,4928,2016,10751,Family
35,278154,Ice Age: Collision Course,en,16.3417,2016-06-23,6.121,4928,2016,35,Comedy
878,278154,Ice Age: Collision Course,en,16.3417,2016-06-23,6.121,4928,2016,878,Science Fiction
12,18239,The Twilight Saga: New Moon,en,16.1579,2009-11-18,5.989,9814,2009,12,Adventure
14,18239,The Twilight Saga: New Moon,en,16.1579,2009-11-18,5.989,9814,2009,14,Fantasy
18,18239,The Twilight Saga: New Moon,en,16.1579,2009-11-18,5.989,9814,2009,18,Drama
10749,18239,The Twilight Saga: New Moon,en,16.1579,2009-11-18,5.989,9814,2009,10749,Romance
12,85,Raiders of the Lost Ark,en,18.9898,1981-06-12,7.927,13782,1981,12,Adventure
28,85,Raiders of the Lost Ark,en,18.9898,1981-06-12,7.927,13782,1981,28,Action
14,10191,How to Train Your Dragon,en,15.9684,2010-03-18,7.864,14521,2010,14,Fantasy
12,10191,How to Train Your Dragon,en,15.9684,2010-03-18,7.864,14521,2010,12,Adventure
16,10191,How to Train Your Dragon,en,15.9684,2010-03-18,7.864,14521,2010,16,Animation
10751,10191,How to Train Your Dragon,en,15.9684,2010-03-18,7.864,14521,2010,10751,Family
18,345,Eyes Wide Shut,en,15.8011,1999-07-16,7.5,7149,1999,18,Drama
53,345,Eyes Wide Shut,en,15.8011,1999-07-16,7.5,7149,1999,53,Thriller
9648,345,Eyes Wide Shut,en,15.8011,1999-07-16,7.5,7149,1999,9648,Mystery
18,510,One Flew Over the Cuckoo's Nest,en,17.5216,1975-11-19,8.4,11577,1975,18,Drama
10749,1097549,Babygirl,en,17.7729,2024-12-25,5.718,1249,2024,10749,Romance
53,1097549,Babygirl,en,17.7729,2024-12-25,5.718,1249,2024,53,Thriller
27,1228246,Five Nights at Freddy's 2,en,17.3949,2025-12-03,6.6,1071,2025,27,Horror
53,1228246,Five Nights at Freddy's 2,en,17.3949,2025-12-03,6.6,1071,2025,53,Thriller
28,363088,Ant-Man and the Wasp,en,18.0025,2018-07-04,6.902,14297,2018,28,Action
12,363088,Ant-Man and the Wasp,en,18.0025,2018-07-04,6.902,14297,2018,12,Adventure
878,363088,Ant-Man and the Wasp,en,18.0025,2018-07-04,6.902,14297,2018,878,Science Fiction
53,2251,Unfaithful,en,18.0119,2002-05-10,6.708,1759,2002,53,Thriller
18,2251,Unfaithful,en,18.0119,2002-05-10,6.708,1759,2002,18,Drama
10749,2251,Unfaithful,en,18.0119,2002-05-10,6.708,1759,2002,10749,Romance
27,36647,Blade,en,16.8502,1998-08-21,6.845,6818,1998,27,Horror
28,36647,Blade,en,16.8502,1998-08-21,6.845,6818,1998,28,Action
16,57800,Ice Age: Continental Drift,en,16.0092,2012-06-27,6.393,8187,2012,16,Animation
35,57800,Ice Age: Continental Drift,en,16.0092,2012-06-27,6.393,8187,2012,35,Comedy
12,57800,Ice Age: Continental Drift,en,16.0092,2012-06-27,6.393,8187,2012,12,Adventure
10751,57800,Ice Age: Continental Drift,en,16.0092,2012-06-27,6.393,8187,2012,10751,Family
18,10997,Farewell My Concubine,zh,15.3274,1993-01-01,7.9,693,1993,18,Drama
27,1100782,Smile 2,en,16.7451,2024-10-16,6.587,2242,2024,27,Horror
10402,1100782,Smile 2,en,16.7451,2024-10-16,6.587,2242,2024,10402,Music
9648,1100782,Smile 2,en,16.7451,2024-10-16,6.587,2242,2024,9648,Mystery
53,1100782,Smile 2,en,16.7451,2024-10-16,6.587,2242,2024,53,Thriller
18,640,Catch Me If You Can,en,16.0177,2002-12-16,7.978,17294,2002,18,Drama
80,640,Catch Me If You Can,en,16.0177,2002-12-16,7.978,17294,2002,80,Crime
28,297802,Aquaman,en,16.5585,2018-12-07,6.9,15038,2018,28,Action
12,297802,Aquaman,en,16.5585,2018-12-07,6.9,15038,2018,12,Adventure
14,297802,Aquaman,en,16.5585,2018-12-07,6.9,15038,2018,14,Fantasy
18,615777,Babylon,en,16.4938,2022-12-22,7.341,3834,2022,18,Drama
35,615777,Babylon,en,16.4938,2022-12-22,7.341,3834,2022,35,Comedy
53,670,Oldboy,ko,18.3478,2003-11-21,8.234,10002,2003,53,Thriller
9648,670,Oldboy,ko,18.3478,2003-11-21,8.234,10002,2003,9648,Mystery
28,127585,X-Men: Days of Future Past,en,16.6689,2014-05-15,7.533,16405,2014,28,Action
12,127585,X-Men: Days of Future Past,en,16.6689,2014-05-15,7.533,16405,2014,12,Adventure
878,127585,X-Men: Days of Future Past,en,16.6689,2014-05-15,7.533,16405,2014,878,Science Fiction
18,28,Apocalypse Now,en,16.7847,1979-05-19,8.267,9211,1979,18,Drama
10752,28,Apocalypse Now,en,16.7847,1979-05-19,8.267,9211,1979,10752,War
35,854,The Mask,en,15.0517,1994-07-29,7.0,11407,1994,35,Comedy
14,854,The Mask,en,15.0517,1994-07-29,7.0,11407,1994,14,Fantasy
80,854,The Mask,en,15.0517,1994-07-29,7.0,11407,1994,80,Crime
10749,854,The Mask,en,15.0517,1994-07-29,7.0,11407,1994,10749,Romance
35,467905,How to Make a Killing,en,15.1021,2026-02-16,6.9,608,2026,35,Comedy
53,467905,How to Make a Killing,en,15.1021,2026-02-16,6.9,608,2026,53,Thriller
35,8363,Superbad,en,17.0651,2007-08-17,7.269,8196,2007,35,Comedy
12,50619,The Twilight Saga: Breaking Dawn - Part 1,en,14.2338,2011-11-16,6.188,9334,2011,12,Adventure
14,50619,The Twilight Saga: Breaking Dawn - Part 1,en,14.2338,2011-11-16,6.188,9334,2011,14,Fantasy
10749,50619,The Twilight Saga: Breaking Dawn - Part 1,en,14.2338,2011-11-16,6.188,9334,2011,10749,Romance
35,593643,The Menu,en,16.7661,2022-11-17,7.176,6400,2022,35,Comedy
27,593643,The Menu,en,16.7661,2022-11-17,7.176,6400,2022,27,Horror
12,128,Princess Mononoke,ja,16.0781,1997-07-12,8.322,9128,1997,12,Adventure
14,128,Princess Mononoke,ja,16.0781,1997-07-12,8.322,9128,1997,14,Fantasy
16,128,Princess Mononoke,ja,16.0781,1997-07-12,8.322,9128,1997,16,Animation
28,866398,The Beekeeper,en,15.6729,2024-01-08,7.279,4372,2024,28,Action
80,866398,The Beekeeper,en,15.6729,2024-01-08,7.279,4372,2024,80,Crime
53,866398,The Beekeeper,en,15.6729,2024-01-08,7.279,4372,2024,53,Thriller
12,333339,Ready Player One,en,16.3138,2018-03-28,7.6,17118,2018,12,Adventure
28,333339,Ready Player One,en,16.3138,2018-03-28,7.6,17118,2018,28,Action
878,333339,Ready Player One,en,16.3138,2018-03-28,7.6,17118,2018,878,Science Fiction
36,205596,The Imitation Game,en,16.1666,2014-11-14,7.983,18217,2014,36,History
18,205596,The Imitation Game,en,16.1666,2014-11-14,7.983,18217,2014,18,Drama
53,205596,The Imitation Game,en,16.1666,2014-11-14,7.983,18217,2014,53,Thriller
10752,205596,The Imitation Game,en,16.1666,2014-11-14,7.983,18217,2014,10752,War
878,38,Eternal Sunshine of the Spotless Mind,en,16.6366,2004-03-19,8.09,16497,2004,878,Science Fiction
18,38,Eternal Sunshine of the Spotless Mind,en,16.6366,2004-03-19,8.09,16497,2004,18,Drama
10749,38,Eternal Sunshine of the Spotless Mind,en,16.6366,2004-03-19,8.09,16497,2004,10749,Romance
9648,680493,Return to Silent Hill,en,16.9717,2026-01-21,5.385,749,2026,9648,Mystery
18,680493,Return to Silent Hill,en,16.9717,2026-01-21,5.385,749,2026,18,Drama
27,680493,Return to Silent Hill,en,16.9717,2026-01-21,5.385,749,2026,27,Horror
18,1294203,My Fault: London,en,16.2042,2025-02-12,7.384,610,2025,18,Drama
10749,1294203,My Fault: London,en,16.2042,2025-02-12,7.384,610,2025,10749,Romance
28,436969,The Suicide Squad,en,16.7908,2021-07-28,7.457,9711,2021,28,Action
35,436969,The Suicide Squad,en,16.7908,2021-07-28,7.457,9711,2021,35,Comedy
12,436969,The Suicide Squad,en,16.7908,2021-07-28,7.457,9711,2021,12,Adventure
35,917496,Beetlejuice Beetlejuice,en,16.4722,2024-09-04,6.931,3201,2024,35,Comedy
14,917496,Beetlejuice Beetlejuice,en,16.4722,2024-09-04,6.931,3201,2024,14,Fantasy
27,917496,Beetlejuice Beetlejuice,en,16.4722,2024-09-04,6.931,3201,2024,27,Horror
28,588228,The Tomorrow War,en,16.2316,2021-09-03,7.5,4314,2021,28,Action
878,588228,The Tomorrow War,en,16.2316,2021-09-03,7.5,4314,2021,878,Science Fiction
12,588228,The Tomorrow War,en,16.2316,2021-09-03,7.5,4314,2021,12,Adventure
53,1087891,The Amateur,en,15.554,2025-04-09,6.924,1674,2025,53,Thriller
28,1087891,The Amateur,en,15.554,2025-04-09,6.924,1674,2025,28,Action
28,71676,Ghost Rider: Spirit of Vengeance,en,17.8347,2011-12-10,5.026,4122,2011,28,Action
14,71676,Ghost Rider: Spirit of Vengeance,en,17.8347,2011-12-10,5.026,4122,2011,14,Fantasy
53,71676,Ghost Rider: Spirit of Vengeance,en,17.8347,2011-12-10,5.026,4122,2011,53,Thriller
80,875828,Peaky Blinders: The Immortal Man,en,15.9679,2026-03-05,7.235,1101,2026,80,Crime
18,875828,Peaky Blinders: The Immortal Man,en,15.9679,2026-03-05,7.235,1101,2026,18,Drama
18,4348,Pride & Prejudice,en,16.3964,2005-09-16,8.055,8835,2005,18,Drama
10749,4348,Pride & Prejudice,en,16.3964,2005-09-16,8.055,8835,2005,10749,Romance
18,1585,It's a Wonderful Life,en,16.0616,1946-12-20,8.277,4963,1946,18,Drama
10751,1585,It's a Wonderful Life,en,16.0616,1946-12-20,8.277,4963,1946,10751,Family
14,1585,It's a Wonderful Life,en,16.0616,1946-12-20,8.277,4963,1946,14,Fantasy
80,103,Taxi Driver,en,15.5359,1976-02-09,8.124,13584,1976,80,Crime
18,103,Taxi Driver,en,15.5359,1976-02-09,8.124,13584,1976,18,Drama
35,115,The Big Lebowski,en,15.8838,1998-03-06,7.836,12307,1998,35,Comedy
80,115,The Big Lebowski,en,15.8838,1998-03-06,7.836,12307,1998,80,Crime
53,801335,Girl in the Basement,en,16.3434,2021-02-27,7.567,878,2021,53,Thriller
80,801335,Girl in the Basement,en,16.3434,2021-02-27,7.567,878,2021,80,Crime
10770,801335,Girl in the Basement,en,16.3434,2021-02-27,7.567,878,2021,10770,TV Movie
28,209112,Batman v Superman: Dawn of Justice,en,16.1203,2016-03-23,6.006,19158,2016,28,Action
12,209112,Batman v Superman: Dawn of Justice,en,16.1203,2016-03-23,6.006,19158,2016,12,Adventure
14,209112,Batman v Superman: Dawn of Justice,en,16.1203,2016-03-23,6.006,19158,2016,14,Fantasy
878,13475,Star Trek,en,15.869,2009-05-06,7.437,10586,2009,878,Science Fiction
28,13475,Star Trek,en,15.869,2009-05-06,7.437,10586,2009,28,Action
12,13475,Star Trek,en,15.869,2009-05-06,7.437,10586,2009,12,Adventure
27,215,Saw II,en,16.3191,2005-10-28,6.608,5957,2005,27,Horror
12,1892,Return of the Jedi,en,15.3841,1983-05-25,7.91,17082,1983,12,Adventure
28,1892,Return of the Jedi,en,15.3841,1983-05-25,7.91,17082,1983,28,Action
878,1892,Return of the Jedi,en,15.3841,1983-05-25,7.91,17082,1983,878,Science Fiction
12,1734,The Mummy Returns,en,15.9074,2001-05-04,6.412,7778,2001,12,Adventure
28,1734,The Mummy Returns,en,15.9074,2001-05-04,6.412,7778,2001,28,Action
14,1734,The Mummy Returns,en,15.9074,2001-05-04,6.412,7778,2001,14,Fantasy
27,1151031,Bring Her Back,en,15.4019,2025-05-19,7.339,1804,2025,27,Horror
28,1257009,Primitive War,en,15.2673,2025-08-21,6.645,418,2025,28,Action
27,1257009,Primitive War,en,15.2673,2025-08-21,6.645,418,2025,27,Horror
10752,1257009,Primitive War,en,15.2673,2025-08-21,6.645,418,2025,10752,War
878,1257009,Primitive War,en,15.2673,2025-08-21,6.645,418,2025,878,Science Fiction
12,1895,Star Wars: Episode III - Revenge of the Sith,en,15.2373,2005-05-17,7.473,15093,2005,12,Adventure
28,1895,Star Wars: Episode III - Revenge of the Sith,en,15.2373,2005-05-17,7.473,15093,2005,28,Action
878,1895,Star Wars: Episode III - Revenge of the Sith,en,15.2373,2005-05-17,7.473,15093,2005,878,Science Fiction
878,940721,Godzilla Minus One,ja,16.0792,2023-11-03,7.583,3271,2023,878,Science Fiction
27,940721,Godzilla Minus One,ja,16.0792,2023-11-03,7.583,3271,2023,27,Horror
28,940721,Godzilla Minus One,ja,16.0792,2023-11-03,7.583,3271,2023,28,Action
14,338953,Fantastic Beasts: The Secrets of Dumbledore,en,16.5176,2022-04-06,6.627,5158,2022,14,Fantasy
12,338953,Fantastic Beasts: The Secrets of Dumbledore,en,16.5176,2022-04-06,6.627,5158,2022,12,Adventure
28,855,Black Hawk Down,en,14.8694,2001-12-28,7.395,6451,2001,28,Action
10752,855,Black Hawk Down,en,14.8694,2001-12-28,7.395,6451,2001,10752,War
36,855,Black Hawk Down,en,14.8694,2001-12-28,7.395,6451,2001,36,History
16,10674,Mulan,en,16.2283,1998-06-18,7.905,10546,1998,16,Animation
10751,10674,Mulan,en,16.2283,1998-06-18,7.905,10546,1998,10751,Family
12,10674,Mulan,en,16.2283,1998-06-18,7.905,10546,1998,12,Adventure
12,1893,Star Wars: Episode I - The Phantom Menace,en,15.8329,1999-05-19,6.582,15995,1999,12,Adventure
28,1893,Star Wars: Episode I - The Phantom Menace,en,15.8329,1999-05-19,6.582,15995,1999,28,Action
878,1893,Star Wars: Episode I - The Phantom Menace,en,15.8329,1999-05-19,6.582,15995,1999,878,Science Fiction
28,370172,No Time to Die,en,16.6819,2021-09-29,7.34,7241,2021,28,Action
53,370172,No Time to Die,en,16.6819,2021-09-29,7.34,7241,2021,53,Thriller
12,370172,No Time to Die,en,16.6819,2021-09-29,7.34,7241,2021,12,Adventure
10751,82690,Wreck-It Ralph,en,15.9502,2012-11-01,7.361,13179,2012,10751,Family
16,82690,Wreck-It Ralph,en,15.9502,2012-11-01,7.361,13179,2012,16,Animation
35,82690,Wreck-It Ralph,en,15.9502,2012-11-01,7.361,13179,2012,35,Comedy
12,82690,Wreck-It Ralph,en,15.9502,2012-11-01,7.361,13179,2012,12,Adventure
28,615173,The Witch: Part 2. The Other One,ko,15.3576,2022-06-15,7.435,460,2022,28,Action
9648,615173,The Witch: Part 2. The Other One,ko,15.3576,2022-06-15,7.435,460,2022,9648,Mystery
53,615173,The Witch: Part 2. The Other One,ko,15.3576,2022-06-15,7.435,460,2022,53,Thriller
878,615173,The Witch: Part 2. The Other One,ko,15.3576,2022-06-15,7.435,460,2022,878,Science Fiction
80,73861,A Serbian Film,sr,15.9812,2010-01-06,5.456,2239,2010,80,Crime
27,73861,A Serbian Film,sr,15.9812,2010-01-06,5.456,2239,2010,27,Horror
53,73861,A Serbian Film,sr,15.9812,2010-01-06,5.456,2239,2010,53,Thriller
35,546554,Knives Out,en,15.2077,2019-11-27,7.841,14214,2019,35,Comedy
80,546554,Knives Out,en,15.2077,2019-11-27,7.841,14214,2019,80,Crime
9648,546554,Knives Out,en,15.2077,2019-11-27,7.841,14214,2019,9648,Mystery
80,4232,Scream,en,15.9182,1996-12-20,7.433,8089,1996,80,Crime
27,4232,Scream,en,15.9182,1996-12-20,7.433,8089,1996,27,Horror
9648,4232,Scream,en,15.9182,1996-12-20,7.433,8089,1996,9648,Mystery
16,568124,Encanto,en,15.7544,2021-10-13,7.567,10291,2021,16,Animation
35,568124,Encanto,en,15.7544,2021-10-13,7.567,10291,2021,35,Comedy
10751,568124,Encanto,en,15.7544,2021-10-13,7.567,10291,2021,10751,Family
14,568124,Encanto,en,15.7544,2021-10-13,7.567,10291,2021,14,Fantasy
18,48650,Room in Rome,es,15.0904,2010-05-07,6.405,839,2010,18,Drama
10749,48650,Room in Rome,es,15.0904,2010-05-07,6.405,839,2010,10749,Romance
12,420818,The Lion King,en,15.8113,2019-07-12,7.095,10814,2019,12,Adventure
18,420818,The Lion King,en,15.8113,2019-07-12,7.095,10814,2019,18,Drama
10751,420818,The Lion King,en,15.8113,2019-07-12,7.095,10814,2019,10751,Family
16,420818,The Lion King,en,15.8113,2019-07-12,7.095,10814,2019,16,Animation
12,8358,Cast Away,en,16.2181,2000-12-22,7.666,12387,2000,12,Adventure
18,8358,Cast Away,en,16.2181,2000-12-22,7.666,12387,2000,18,Drama
28,558,Spider-Man 2,en,16.2902,2004-06-25,7.317,16554,2004,28,Action
12,558,Spider-Man 2,en,16.2902,2004-06-25,7.317,16554,2004,12,Adventure
878,558,Spider-Man 2,en,16.2902,2004-06-25,7.317,16554,2004,878,Science Fiction
35,120467,The Grand Budapest Hotel,en,15.8581,2014-02-26,8.026,16264,2014,35,Comedy
18,120467,The Grand Budapest Hotel,en,15.8581,2014-02-26,8.026,16264,2014,18,Drama
27,1114513,Speak No Evil,en,15.0301,2024-09-11,7.114,2213,2024,27,Horror
53,1114513,Speak No Evil,en,15.0301,2024-09-11,7.114,2213,2024,53,Thriller
18,629,The Usual Suspects,en,16.3905,1995-07-19,8.167,11538,1995,18,Drama
80,629,The Usual Suspects,en,16.3905,1995-07-19,8.167,11538,1995,80,Crime
53,629,The Usual Suspects,en,16.3905,1995-07-19,8.167,11538,1995,53,Thriller
53,156022,The Equalizer,en,15.3206,2014-09-24,7.292,10051,2014,53,Thriller
28,156022,The Equalizer,en,15.3206,2014-09-24,7.292,10051,2014,28,Action
80,156022,The Equalizer,en,15.3206,2014-09-24,7.292,10051,2014,80,Crime
27,951491,Saw X,en,16.4355,2023-09-27,7.157,2417,2023,27,Horror
9648,951491,Saw X,en,16.4355,2023-09-27,7.157,2417,2023,9648,Mystery
35,7512,Idiocracy,en,16.5637,2006-09-01,6.381,3664,2006,35,Comedy
878,7512,Idiocracy,en,16.5637,2006-09-01,6.381,3664,2006,878,Science Fiction
12,7512,Idiocracy,en,16.5637,2006-09-01,6.381,3664,2006,12,Adventure
35,72105,Ted,en,16.3847,2012-06-29,6.5,13294,2012,35,Comedy
14,72105,Ted,en,16.3847,2012-06-29,6.5,13294,2012,14,Fantasy
28,1579,Apocalypto,en,16.7202,2006-12-07,7.654,6518,2006,28,Action
18,1579,Apocalypto,en,16.7202,2006-12-07,7.654,6518,2006,18,Drama
36,1579,Apocalypto,en,16.7202,2006-12-07,7.654,6518,2006,36,History
18,235271,Addicted,en,15.8161,2014-10-10,5.931,455,2014,18,Drama
53,235271,Addicted,en,15.8161,2014-10-10,5.931,455,2014,53,Thriller
37,281957,The Revenant,en,15.1088,2015-12-25,7.541,19483,2015,37,Western
18,281957,The Revenant,en,15.1088,2015-12-25,7.541,19483,2015,18,Drama
12,281957,The Revenant,en,15.1088,2015-12-25,7.541,19483,2015,12,Adventure
35,4951,10 Things I Hate About You,en,15.0207,1999-03-30,7.6,9027,1999,35,Comedy
10749,4951,10 Things I Hate About You,en,15.0207,1999-03-30,7.6,9027,1999,10749,Romance
18,4951,10 Things I Hate About You,en,15.0207,1999-03-30,7.6,9027,1999,18,Drama
16,76492,Hotel Transylvania,en,14.0979,2012-09-20,6.968,9262,2012,16,Animation
35,76492,Hotel Transylvania,en,14.0979,2012-09-20,6.968,9262,2012,35,Comedy
10751,76492,Hotel Transylvania,en,14.0979,2012-09-20,6.968,9262,2012,10751,Family
14,76492,Hotel Transylvania,en,14.0979,2012-09-20,6.968,9262,2012,14,Fantasy
28,49530,In Time,en,16.1974,2011-10-27,6.972,12263,2011,28,Action
53,49530,In Time,en,16.1974,2011-10-27,6.972,12263,2011,53,Thriller
878,49530,In Time,en,16.1974,2011-10-27,6.972,12263,2011,878,Science Fiction
27,756999,The Black Phone,en,15.3988,2022-06-16,7.515,5937,2022,27,Horror
53,756999,The Black Phone,en,15.3988,2022-06-16,7.515,5937,2022,53,Thriller
10749,10020,Beauty and the Beast,en,15.4463,1991-10-22,7.727,10772,1991,10749,Romance
10751,10020,Beauty and the Beast,en,15.4463,1991-10-22,7.727,10772,1991,10751,Family
16,10020,Beauty and the Beast,en,15.4463,1991-10-22,7.727,10772,1991,16,Animation
14,10020,Beauty and the Beast,en,15.4463,1991-10-22,7.727,10772,1991,14,Fantasy
18,785084,The Whale,en,15.8746,2022-12-09,7.764,4770,2022,18,Drama
28,1387382,Hunting Season,en,14.1922,2025-12-05,7.417,379,2025,28,Action
18,1387382,Hunting Season,en,14.1922,2025-12-05,7.417,379,2025,18,Drama
53,1387382,Hunting Season,en,14.1922,2025-12-05,7.417,379,2025,53,Thriller
28,13345,A Chinese Odyssey Part One: Pandora's Box,cn,15.2069,1995-01-21,7.5,315,1995,28,Action
12,13345,A Chinese Odyssey Part One: Pandora's Box,cn,15.2069,1995-01-21,7.5,315,1995,12,Adventure
14,13345,A Chinese Odyssey Part One: Pandora's Box,cn,15.2069,1995-01-21,7.5,315,1995,14,Fantasy
35,13345,A Chinese Odyssey Part One: Pandora's Box,cn,15.2069,1995-01-21,7.5,315,1995,35,Comedy
10749,13345,A Chinese Odyssey Part One: Pandora's Box,cn,15.2069,1995-01-21,7.5,315,1995,10749,Romance
18,13345,A Chinese Odyssey Part One: Pandora's Box,cn,15.2069,1995-01-21,7.5,315,1995,18,Drama
28,399579,Alita: Battle Angel,en,15.2986,2019-01-31,7.268,10192,2019,28,Action
878,399579,Alita: Battle Angel,en,15.2986,2019-01-31,7.268,10192,2019,878,Science Fiction
12,399579,Alita: Battle Angel,en,15.2986,2019-01-31,7.268,10192,2019,12,Adventure
28,383498,Deadpool 2,en,15.5407,2018-05-15,7.491,19401,2018,28,Action
35,383498,Deadpool 2,en,15.5407,2018-05-15,7.491,19401,2018,35,Comedy
12,383498,Deadpool 2,en,15.5407,2018-05-15,7.491,19401,2018,12,Adventure
53,766507,Prey,en,15.5918,2022-08-02,7.658,7832,2022,53,Thriller
28,766507,Prey,en,15.5918,2022-08-02,7.658,7832,2022,28,Action
878,766507,Prey,en,15.5918,2022-08-02,7.658,7832,2022,878,Science Fiction
10749,1327862,Regretting You,en,16.0277,2025-10-22,7.1,496,2025,10749,Romance
18,1327862,Regretting You,en,16.0277,2025-10-22,7.1,496,2025,18,Drama
35,214756,Ted 2,en,14.8526,2015-06-25,6.326,8062,2015,35,Comedy
14,214756,Ted 2,en,14.8526,2015-06-25,6.326,8062,2015,14,Fantasy
28,1771,Captain America: The First Avenger,en,14.2254,2011-07-22,7.01,22907,2011,28,Action
12,1771,Captain America: The First Avenger,en,14.2254,2011-07-22,7.01,22907,2011,12,Adventure
878,1771,Captain America: The First Avenger,en,14.2254,2011-07-22,7.01,22907,2011,878,Science Fiction
28,49521,Man of Steel,en,17.8844,2013-06-12,6.654,16373,2013,28,Action
12,49521,Man of Steel,en,17.8844,2013-06-12,6.654,16373,2013,12,Adventure
878,49521,Man of Steel,en,17.8844,2013-06-12,6.654,16373,2013,878,Science Fiction
14,974262,Descendants: The Rise of Red,en,15.1982,2024-07-11,6.745,506,2024,14,Fantasy
12,974262,Descendants: The Rise of Red,en,15.1982,2024-07-11,6.745,506,2024,12,Adventure
10751,974262,Descendants: The Rise of Red,en,15.1982,2024-07-11,6.745,506,2024,10751,Family
35,974262,Descendants: The Rise of Red,en,15.1982,2024-07-11,6.745,506,2024,35,Comedy
28,118340,Guardians of the Galaxy,en,15.1428,2014-07-30,7.907,29948,2014,28,Action
878,118340,Guardians of the Galaxy,en,15.1428,2014-07-30,7.907,29948,2014,878,Science Fiction
12,118340,Guardians of the Galaxy,en,15.1428,2014-07-30,7.907,29948,2014,12,Adventure
28,414419,Kill Bill: The Whole Bloody Affair,en,15.2286,2011-03-27,8.1,1356,2011,28,Action
80,414419,Kill Bill: The Whole Bloody Affair,en,15.2286,2011-03-27,8.1,1356,2011,80,Crime
10751,321612,Beauty and the Beast,en,15.0456,2017-03-16,6.967,16081,2017,10751,Family
14,321612,Beauty and the Beast,en,15.0456,2017-03-16,6.967,16081,2017,14,Fantasy
10749,321612,Beauty and the Beast,en,15.0456,2017-03-16,6.967,16081,2017,10749,Romance
28,47971,xXx: Return of Xander Cage,en,14.5002,2017-01-13,6.1,9279,2017,28,Action
12,47971,xXx: Return of Xander Cage,en,14.5002,2017-01-13,6.1,9279,2017,12,Adventure
80,47971,xXx: Return of Xander Cage,en,14.5002,2017-01-13,6.1,9279,2017,80,Crime
18,146233,Prisoners,en,15.9787,2013-09-19,8.106,13255,2013,18,Drama
53,146233,Prisoners,en,15.9787,2013-09-19,8.106,13255,2013,53,Thriller
80,146233,Prisoners,en,15.9787,2013-09-19,8.106,13255,2013,80,Crime
18,979,Irreversible,fr,14.8562,2002-05-22,7.176,3364,2002,18,Drama
53,979,Irreversible,fr,14.8562,2002-05-22,7.176,3364,2002,53,Thriller
80,979,Irreversible,fr,14.8562,2002-05-22,7.176,3364,2002,80,Crime
27,4234,Scream 3,en,15.4558,2000-02-04,6.009,4118,2000,27,Horror
9648,4234,Scream 3,en,15.4558,2000-02-04,6.009,4118,2000,9648,Mystery
28,4588,"Lust, Caution",zh,14.9548,2007-09-24,7.3,816,2007,28,Action
18,4588,"Lust, Caution",zh,14.9548,2007-09-24,7.3,816,2007,18,Drama
10749,4588,"Lust, Caution",zh,14.9548,2007-09-24,7.3,816,2007,10749,Romance
53,4588,"Lust, Caution",zh,14.9548,2007-09-24,7.3,816,2007,53,Thriller
27,1198984,We Bury the Dead,en,15.3255,2026-01-01,6.029,324,2026,27,Horror
53,1198984,We Bury the Dead,en,15.3255,2026-01-01,6.029,324,2026,53,Thriller
14,8392,My Neighbor Totoro,ja,15.6514,1988-04-16,8.064,8930,1988,14,Fantasy
16,8392,My Neighbor Totoro,ja,15.6514,1988-04-16,8.064,8930,1988,16,Animation
10751,8392,My Neighbor Totoro,ja,15.6514,1988-04-16,8.064,8930,1988,10751,Family
18,930564,Saltburn,en,14.3365,2023-11-16,6.945,3013,2023,18,Drama
35,930564,Saltburn,en,14.3365,2023-11-16,6.945,3013,2023,35,Comedy
53,930564,Saltburn,en,14.3365,2023-11-16,6.945,3013,2023,53,Thriller
53,1138194,Heretic,en,16.4892,2024-10-31,6.971,2750,2024,53,Thriller
27,1138194,Heretic,en,16.4892,2024-10-31,6.971,2750,2024,27,Horror
878,320288,Dark Phoenix,en,15.1393,2019-06-05,5.969,7161,2019,878,Science Fiction
28,320288,Dark Phoenix,en,15.1393,2019-06-05,5.969,7161,2019,28,Action
12,320288,Dark Phoenix,en,15.1393,2019-06-05,5.969,7161,2019,12,Adventure
10402,843527,The Idea of You,en,14.7407,2024-05-02,7.271,1986,2024,10402,Music
35,843527,The Idea of You,en,14.7407,2024-05-02,7.271,1986,2024,35,Comedy
10749,843527,The Idea of You,en,14.7407,2024-05-02,7.271,1986,2024,10749,Romance
18,843527,The Idea of You,en,14.7407,2024-05-02,7.271,1986,2024,18,Drama
28,399566,Godzilla vs. Kong,en,16.0061,2021-03-24,7.531,10713,2021,28,Action
878,399566,Godzilla vs. Kong,en,16.0061,2021-03-24,7.531,10713,2021,878,Science Fiction
12,399566,Godzilla vs. Kong,en,16.0061,2021-03-24,7.531,10713,2021,12,Adventure
10752,1241436,Warfare,en,14.6511,2025-04-09,7.081,1527,2025,10752,War
28,1241436,Warfare,en,14.6511,2025-04-09,7.081,1527,2025,28,Action
35,639988,No Other Choice,ko,16.3762,2025-09-24,7.507,1170,2025,35,Comedy
80,639988,No Other Choice,ko,16.3762,2025-09-24,7.507,1170,2025,80,Crime
53,639988,No Other Choice,ko,16.3762,2025-09-24,7.507,1170,2025,53,Thriller
10749,137,Groundhog Day,en,15.8434,1993-02-11,7.634,9000,1993,10749,Romance
14,137,Groundhog Day,en,15.8434,1993-02-11,7.634,9000,1993,14,Fantasy
35,137,Groundhog Day,en,15.8434,1993-02-11,7.634,9000,1993,35,Comedy
12,512200,Jumanji: The Next Level,en,16.0092,2019-12-04,6.872,9461,2019,12,Adventure
35,512200,Jumanji: The Next Level,en,16.0092,2019-12-04,6.872,9461,2019,35,Comedy
14,512200,Jumanji: The Next Level,en,16.0092,2019-12-04,6.872,9461,2019,14,Fantasy
53,985939,Fall,en,14.3611,2022-08-11,7.145,4720,2022,53,Thriller
16,10144,The Little Mermaid,en,14.6101,1989-11-17,7.352,8469,1989,16,Animation
10751,10144,The Little Mermaid,en,14.6101,1989-11-17,7.352,8469,1989,10751,Family
14,10144,The Little Mermaid,en,14.6101,1989-11-17,7.352,8469,1989,14,Fantasy
28,629542,The Bad Guys,en,14.1351,2022-03-17,7.515,2615,2022,28,Action
16,629542,The Bad Guys,en,14.1351,2022-03-17,7.515,2615,2022,16,Animation
35,629542,The Bad Guys,en,14.1351,2022-03-17,7.515,2615,2022,35,Comedy
80,629542,The Bad Guys,en,14.1351,2022-03-17,7.515,2615,2022,80,Crime
10751,629542,The Bad Guys,en,14.1351,2022-03-17,7.515,2615,2022,10751,Family
14,282035,The Mummy,en,14.4563,2017-06-06,5.521,7707,2017,14,Fantasy
53,282035,The Mummy,en,14.4563,2017-06-06,5.521,7707,2017,53,Thriller
28,282035,The Mummy,en,14.4563,2017-06-06,5.521,7707,2017,28,Action
12,282035,The Mummy,en,14.4563,2017-06-06,5.521,7707,2017,12,Adventure
27,282035,The Mummy,en,14.4563,2017-06-06,5.521,7707,2017,27,Horror
28,1271,300,en,14.4007,2007-03-07,7.207,14887,2007,28,Action
12,1271,300,en,14.4007,2007-03-07,7.207,14887,2007,12,Adventure
10752,1271,300,en,14.4007,2007-03-07,7.207,14887,2007,10752,War
10749,150689,Cinderella,en,14.7669,2015-03-06,6.826,7455,2015,10749,Romance
14,150689,Cinderella,en,14.7669,2015-03-06,6.826,7455,2015,14,Fantasy
10751,150689,Cinderella,en,14.7669,2015-03-06,6.826,7455,2015,10751,Family
18,150689,Cinderella,en,14.7669,2015-03-06,6.826,7455,2015,18,Drama
14,57158,The Hobbit: The Desolation of Smaug,en,15.7034,2013-12-11,7.583,14357,2013,14,Fantasy
12,57158,The Hobbit: The Desolation of Smaug,en,15.7034,2013-12-11,7.583,14357,2013,12,Adventure
28,57158,The Hobbit: The Desolation of Smaug,en,15.7034,2013-12-11,7.583,14357,2013,28,Action
28,260513,Incredibles 2,en,13.8799,2018-06-14,7.454,13793,2018,28,Action
12,260513,Incredibles 2,en,13.8799,2018-06-14,7.454,13793,2018,12,Adventure
16,260513,Incredibles 2,en,13.8799,2018-06-14,7.454,13793,2018,16,Animation
10751,260513,Incredibles 2,en,13.8799,2018-06-14,7.454,13793,2018,10751,Family
12,493529,Dungeons & Dragons: Honor Among Thieves,en,14.9625,2023-03-23,7.4,4767,2023,12,Adventure
14,493529,Dungeons & Dragons: Honor Among Thieves,en,14.9625,2023-03-23,7.4,4767,2023,14,Fantasy
35,493529,Dungeons & Dragons: Honor Among Thieves,en,14.9625,2023-03-23,7.4,4767,2023,35,Comedy
28,293167,Kong: Skull Island,en,15.113,2017-03-08,6.556,11223,2017,28,Action
12,293167,Kong: Skull Island,en,15.113,2017-03-08,6.556,11223,2017,12,Adventure
14,293167,Kong: Skull Island,en,15.113,2017-03-08,6.556,11223,2017,14,Fantasy
28,254128,San Andreas,en,14.8993,2015-05-27,6.248,9100,2015,28,Action
18,254128,San Andreas,en,14.8993,2015-05-27,6.248,9100,2015,18,Drama
53,254128,San Andreas,en,14.8993,2015-05-27,6.248,9100,2015,53,Thriller
18,11216,Cinema Paradiso,it,14.3983,1988-11-17,8.429,4894,1988,18,Drama
10749,11216,Cinema Paradiso,it,14.3983,1988-11-17,8.429,4894,1988,10749,Romance
27,663,Saw IV,en,14.1708,2007-10-25,6.166,4163,2007,27,Horror
53,663,Saw IV,en,14.1708,2007-10-25,6.166,4163,2007,53,Thriller
80,663,Saw IV,en,14.1708,2007-10-25,6.166,4163,2007,80,Crime
10749,1072790,Anyone but You,en,13.5606,2023-12-21,6.762,3144,2023,10749,Romance
35,1072790,Anyone but You,en,13.5606,2023-12-21,6.762,3144,2023,35,Comedy
878,335983,Venom,en,13.9904,2018-09-28,6.825,17375,2018,878,Science Fiction
28,335983,Venom,en,13.9904,2018-09-28,6.825,17375,2018,28,Action
18,249397,Nymphomaniac: Vol. II,en,14.142,2013-12-25,6.712,3224,2013,18,Drama
9648,249397,Nymphomaniac: Vol. II,en,14.142,2013-12-25,6.712,3224,2013,9648,Mystery
12,11688,The Emperor's New Groove,en,14.9913,2000-12-15,7.565,7372,2000,12,Adventure
16,11688,The Emperor's New Groove,en,14.9913,2000-12-15,7.565,7372,2000,16,Animation
35,11688,The Emperor's New Groove,en,14.9913,2000-12-15,7.565,7372,2000,35,Comedy
10751,11688,The Emperor's New Groove,en,14.9913,2000-12-15,7.565,7372,2000,10751,Family
14,11688,The Emperor's New Groove,en,14.9913,2000-12-15,7.565,7372,2000,14,Fantasy
27,493922,Hereditary,en,15.2323,2018-06-07,7.293,8730,2018,27,Horror
9648,493922,Hereditary,en,15.2323,2018-06-07,7.293,8730,2018,9648,Mystery
53,493922,Hereditary,en,15.2323,2018-06-07,7.293,8730,2018,53,Thriller
16,812,Aladdin,en,15.028,1992-11-25,7.656,12126,1992,16,Animation
10751,812,Aladdin,en,15.028,1992-11-25,7.656,12126,1992,10751,Family
12,812,Aladdin,en,15.028,1992-11-25,7.656,12126,1992,12,Adventure
14,812,Aladdin,en,15.028,1992-11-25,7.656,12126,1992,14,Fantasy
10749,812,Aladdin,en,15.028,1992-11-25,7.656,12126,1992,10749,Romance
35,772,Home Alone 2: Lost in New York,en,14.8734,1992-11-15,6.791,10724,1992,35,Comedy
10751,772,Home Alone 2: Lost in New York,en,14.8734,1992-11-15,6.791,10724,1992,10751,Family
12,772,Home Alone 2: Lost in New York,en,14.8734,1992-11-15,6.791,10724,1992,12,Adventure
18,10625,Mean Girls,en,14.429,2004-04-30,7.227,9549,2004,18,Drama
35,10625,Mean Girls,en,14.429,2004-04-30,7.227,9549,2004,35,Comedy
28,526896,Morbius,en,13.4161,2022-03-30,5.895,4876,2022,28,Action
878,526896,Morbius,en,13.4161,2022-03-30,5.895,4876,2022,878,Science Fiction
14,526896,Morbius,en,13.4161,2022-03-30,5.895,4876,2022,14,Fantasy
16,140300,Kung Fu Panda 3,en,13.8833,2016-01-23,6.93,6669,2016,16,Animation
28,140300,Kung Fu Panda 3,en,13.8833,2016-01-23,6.93,6669,2016,28,Action
12,140300,Kung Fu Panda 3,en,13.8833,2016-01-23,6.93,6669,2016,12,Adventure
35,140300,Kung Fu Panda 3,en,13.8833,2016-01-23,6.93,6669,2016,35,Comedy
10751,140300,Kung Fu Panda 3,en,13.8833,2016-01-23,6.93,6669,2016,10751,Family
16,93456,Despicable Me 2,en,15.1461,2013-06-26,6.9,12086,2013,16,Animation
35,93456,Despicable Me 2,en,15.1461,2013-06-26,6.9,12086,2013,35,Comedy
10751,93456,Despicable Me 2,en,15.1461,2013-06-26,6.9,12086,2013,10751,Family
878,93456,Despicable Me 2,en,15.1461,2013-06-26,6.9,12086,2013,878,Science Fiction
36,1214931,Nuremberg,en,13.0371,2025-11-06,7.593,1256,2025,36,History
18,1214931,Nuremberg,en,13.0371,2025-11-06,7.593,1256,2025,18,Drama
35,18240,The Proposal,en,13.0979,2009-06-02,7.176,7651,2009,35,Comedy
10749,18240,The Proposal,en,13.0979,2009-06-02,7.176,7651,2009,10749,Romance
18,18240,The Proposal,en,13.0979,2009-06-02,7.176,7651,2009,18,Drama
10749,1259102,Eternity,en,14.6108,2025-11-10,7.096,751,2025,10749,Romance
35,1259102,Eternity,en,14.6108,2025-11-10,7.096,751,2025,35,Comedy
18,1259102,Eternity,en,14.6108,2025-11-10,7.096,751,2025,18,Drama
28,273481,Sicario,en,15.1365,2015-09-17,7.423,9689,2015,28,Action
80,273481,Sicario,en,15.1365,2015-09-17,7.423,9689,2015,80,Crime
53,273481,Sicario,en,15.1365,2015-09-17,7.423,9689,2015,53,Thriller
18,1317149,I Swear,en,14.9654,2025-09-22,8.241,403,2025,18,Drama
36,1317149,I Swear,en,14.9654,2025-09-22,8.241,403,2025,36,History
18,519465,Queen of Hearts,da,13.5161,2019-03-27,6.918,384,2019,18,Drama
27,1242011,Together,en,13.5714,2025-07-14,6.909,1246,2025,27,Horror
10749,1242011,Together,en,13.5714,2025-07-14,6.909,1246,2025,10749,Romance
16,360920,The Grinch,en,15.2678,2018-11-08,6.865,4471,2018,16,Animation
35,360920,The Grinch,en,15.2678,2018-11-08,6.865,4471,2018,35,Comedy
10751,360920,The Grinch,en,15.2678,2018-11-08,6.865,4471,2018,10751,Family
14,360920,The Grinch,en,15.2678,2018-11-08,6.865,4471,2018,14,Fantasy
14,36586,Blade II,en,14.7028,2002-03-22,6.569,5287,2002,14,Fantasy
27,36586,Blade II,en,14.7028,2002-03-22,6.569,5287,2002,27,Horror
28,36586,Blade II,en,14.7028,2002-03-22,6.569,5287,2002,28,Action
53,36586,Blade II,en,14.7028,2002-03-22,6.569,5287,2002,53,Thriller
14,561,Constantine,en,13.8929,2005-02-08,7.188,8324,2005,14,Fantasy
28,561,Constantine,en,13.8929,2005-02-08,7.188,8324,2005,28,Action
27,561,Constantine,en,13.8929,2005-02-08,7.188,8324,2005,27,Horror
28,168259,Furious 7,en,13.5557,2015-04-01,7.216,11380,2015,28,Action
80,168259,Furious 7,en,13.5557,2015-04-01,7.216,11380,2015,80,Crime
53,168259,Furious 7,en,13.5557,2015-04-01,7.216,11380,2015,53,Thriller
35,1035259,The Naked Gun,en,13.2922,2025-07-30,6.372,1851,2025,35,Comedy
80,1035259,The Naked Gun,en,13.2922,2025-07-30,6.372,1851,2025,80,Crime
28,1035259,The Naked Gun,en,13.2922,2025-07-30,6.372,1851,2025,28,Action
28,324552,John Wick: Chapter 2,en,14.0856,2017-02-08,7.342,14413,2017,28,Action
53,324552,John Wick: Chapter 2,en,14.0856,2017-02-08,7.342,14413,2017,53,Thriller
80,324552,John Wick: Chapter 2,en,14.0856,2017-02-08,7.342,14413,2017,80,Crime
27,1408208,Exit 8,ja,13.7727,2025-08-29,6.988,635,2025,27,Horror
9648,1408208,Exit 8,ja,13.7727,2025-08-29,6.988,635,2025,9648,Mystery
53,1408208,Exit 8,ja,13.7727,2025-08-29,6.988,635,2025,53,Thriller
16,166428,How to Train Your Dragon: The Hidden World,en,13.925,2019-01-03,7.755,7195,2019,16,Animation
10751,166428,How to Train Your Dragon: The Hidden World,en,13.925,2019-01-03,7.755,7195,2019,10751,Family
12,166428,How to Train Your Dragon: The Hidden World,en,13.925,2019-01-03,7.755,7195,2019,12,Adventure
27,377,A Nightmare on Elm Street,en,15.1612,1984-11-09,7.351,5820,1984,27,Horror
28,1007734,Nobody 2,en,15.5675,2025-08-13,6.915,1704,2025,28,Action
53,1007734,Nobody 2,en,15.5675,2025-08-13,6.915,1704,2025,53,Thriller
35,1007734,Nobody 2,en,15.5675,2025-08-13,6.915,1704,2025,35,Comedy
28,14161,2012,en,13.9353,2009-10-10,5.889,12857,2009,28,Action
12,14161,2012,en,13.9353,2009-10-10,5.889,12857,2009,12,Adventure
878,14161,2012,en,13.9353,2009-10-10,5.889,12857,2009,878,Science Fiction
18,598,City of God,pt,13.7769,2002-08-30,8.428,8292,2002,18,Drama
80,598,City of God,pt,13.7769,2002-08-30,8.428,8292,2002,80,Crime
53,915935,Anatomy of a Fall,fr,13.9461,2023-08-23,7.517,3370,2023,53,Thriller
9648,915935,Anatomy of a Fall,fr,13.9461,2023-08-23,7.517,3370,2023,9648,Mystery
80,915935,Anatomy of a Fall,fr,13.9461,2023-08-23,7.517,3370,2023,80,Crime
12,447277,The Little Mermaid,en,12.9208,2023-05-18,6.268,3358,2023,12,Adventure
10751,447277,The Little Mermaid,en,12.9208,2023-05-18,6.268,3358,2023,10751,Family
14,447277,The Little Mermaid,en,12.9208,2023-05-18,6.268,3358,2023,14,Fantasy
10749,447277,The Little Mermaid,en,12.9208,2023-05-18,6.268,3358,2023,10749,Romance
16,438695,Sing 2,en,14.1933,2021-12-01,7.8,4836,2021,16,Animation
35,438695,Sing 2,en,14.1933,2021-12-01,7.8,4836,2021,35,Comedy
10751,438695,Sing 2,en,14.1933,2021-12-01,7.8,4836,2021,10751,Family
10402,438695,Sing 2,en,14.1933,2021-12-01,7.8,4836,2021,10402,Music
12,604,The Matrix Reloaded,en,13.3726,2003-05-15,7.083,12100,2003,12,Adventure
28,604,The Matrix Reloaded,en,13.3726,2003-05-15,7.083,12100,2003,28,Action
53,604,The Matrix Reloaded,en,13.3726,2003-05-15,7.083,12100,2003,53,Thriller
878,604,The Matrix Reloaded,en,13.3726,2003-05-15,7.083,12100,2003,878,Science Fiction
878,653346,Kingdom of the Planet of the Apes,en,14.3102,2024-05-08,7.058,4346,2024,878,Science Fiction
12,653346,Kingdom of the Planet of the Apes,en,14.3102,2024-05-08,7.058,4346,2024,12,Adventure
28,653346,Kingdom of the Planet of the Apes,en,14.3102,2024-05-08,7.058,4346,2024,28,Action
28,2048,"I, Robot",en,13.4013,2004-07-15,6.968,12797,2004,28,Action
878,2048,"I, Robot",en,13.4013,2004-07-15,6.968,12797,2004,878,Science Fiction
12,20526,TRON: Legacy,en,14.7136,2010-12-14,6.545,8025,2010,12,Adventure
28,20526,TRON: Legacy,en,14.7136,2010-12-14,6.545,8025,2010,28,Action
878,20526,TRON: Legacy,en,14.7136,2010-12-14,6.545,8025,2010,878,Science Fiction
18,335,Once Upon a Time in the West,it,13.7518,1968-12-21,8.272,4965,1968,18,Drama
37,335,Once Upon a Time in the West,it,13.7518,1968-12-21,8.272,4965,1968,37,Western
10751,277217,Descendants,en,11.8856,2015-07-31,7.178,2542,2015,10751,Family
12,277217,Descendants,en,11.8856,2015-07-31,7.178,2542,2015,12,Adventure
14,277217,Descendants,en,11.8856,2015-07-31,7.178,2542,2015,14,Fantasy
10770,277217,Descendants,en,11.8856,2015-07-31,7.178,2542,2015,10770,TV Movie
878,8078,Alien Resurrection,en,14.2378,1997-11-12,6.174,5641,1997,878,Science Fiction
27,8078,Alien Resurrection,en,14.2378,1997-11-12,6.174,5641,1997,27,Horror
28,8078,Alien Resurrection,en,14.2378,1997-11-12,6.174,5641,1997,28,Action
18,76,Before Sunrise,en,14.6738,1995-01-27,7.968,4755,1995,18,Drama
10749,76,Before Sunrise,en,14.6738,1995-01-27,7.968,4755,1995,10749,Romance
16,18491,Neon Genesis Evangelion: The End of Evangelion,ja,14.3467,1997-07-19,8.3,1896,1997,16,Animation
878,18491,Neon Genesis Evangelion: The End of Evangelion,ja,14.3467,1997-07-19,8.3,1896,1997,878,Science Fiction
18,18491,Neon Genesis Evangelion: The End of Evangelion,ja,14.3467,1997-07-19,8.3,1896,1997,18,Drama
14,18491,Neon Genesis Evangelion: The End of Evangelion,ja,14.3467,1997-07-19,8.3,1896,1997,14,Fantasy
28,18491,Neon Genesis Evangelion: The End of Evangelion,ja,14.3467,1997-07-19,8.3,1896,1997,28,Action
878,91314,Transformers: Age of Extinction,en,13.7852,2014-06-25,5.97,8842,2014,878,Science Fiction
28,91314,Transformers: Age of Extinction,en,13.7852,2014-06-25,5.97,8842,2014,28,Action
12,91314,Transformers: Age of Extinction,en,13.7852,2014-06-25,5.97,8842,2014,12,Adventure
80,466420,Killers of the Flower Moon,en,13.9897,2023-10-18,7.394,4220,2023,80,Crime
36,466420,Killers of the Flower Moon,en,13.9897,2023-10-18,7.394,4220,2023,36,History
18,466420,Killers of the Flower Moon,en,13.9897,2023-10-18,7.394,4220,2023,18,Drama
18,359724,Ford v Ferrari,en,13.5613,2019-11-13,8.009,9116,2019,18,Drama
36,359724,Ford v Ferrari,en,13.5613,2019-11-13,8.009,9116,2019,36,History
28,359724,Ford v Ferrari,en,13.5613,2019-11-13,8.009,9116,2019,28,Action
28,615457,Nobody,en,13.1536,2021-03-18,7.873,8496,2021,28,Action
53,615457,Nobody,en,13.1536,2021-03-18,7.873,8496,2021,53,Thriller
18,6479,I Am Legend,en,14.7718,2007-12-12,7.218,17031,2007,18,Drama
878,6479,I Am Legend,en,14.7718,2007-12-12,7.218,17031,2007,878,Science Fiction
53,6479,I Am Legend,en,14.7718,2007-12-12,7.218,17031,2007,53,Thriller
16,378236,The Emoji Movie,en,12.1774,2017-07-23,5.376,3353,2017,16,Animation
10751,378236,The Emoji Movie,en,12.1774,2017-07-23,5.376,3353,2017,10751,Family
35,378236,The Emoji Movie,en,12.1774,2017-07-23,5.376,3353,2017,35,Comedy
878,169,Predator 2,en,13.5033,1990-11-21,6.308,3893,1990,878,Science Fiction
28,169,Predator 2,en,13.5033,1990-11-21,6.308,3893,1990,28,Action
53,169,Predator 2,en,13.5033,1990-11-21,6.308,3893,1990,53,Thriller
35,4248,Scary Movie 2,en,13.8876,2001-07-04,5.845,5297,2001,35,Comedy
18,1124566,Sentimental Value,no,13.9504,2025-08-20,7.444,991,2025,18,Drama
12,32657,Percy Jackson & the Olympians: The Lightning Thief,en,14.3243,2010-02-01,6.216,7878,2010,12,Adventure
14,32657,Percy Jackson & the Olympians: The Lightning Thief,en,14.3243,2010-02-01,6.216,7878,2010,14,Fantasy
10751,32657,Percy Jackson & the Olympians: The Lightning Thief,en,14.3243,2010-02-01,6.216,7878,2010,10751,Family
28,2501,The Bourne Identity,en,13.7774,2002-06-14,7.5,10207,2002,28,Action
9648,2501,The Bourne Identity,en,13.7774,2002-06-14,7.5,10207,2002,9648,Mystery
53,2501,The Bourne Identity,en,13.7774,2002-06-14,7.5,10207,2002,53,Thriller
53,402,Basic Instinct,en,19.2593,1992-03-20,6.947,4439,1992,53,Thriller
9648,402,Basic Instinct,en,19.2593,1992-03-20,6.947,4439,1992,9648,Mystery
28,298618,The Flash,en,17.1706,2023-06-13,6.621,5094,2023,28,Action
878,298618,The Flash,en,17.1706,2023-06-13,6.621,5094,2023,878,Science Fiction
12,298618,The Flash,en,17.1706,2023-06-13,6.621,5094,2023,12,Adventure
28,54138,Star Trek Into Darkness,en,13.5631,2013-05-05,7.324,9748,2013,28,Action
12,54138,Star Trek Into Darkness,en,13.5631,2013-05-05,7.324,9748,2013,12,Adventure
878,54138,Star Trek Into Darkness,en,13.5631,2013-05-05,7.324,9748,2013,878,Science Fiction
16,62211,Monsters University,en,13.1535,2013-06-19,7.055,11425,2013,16,Animation
10751,62211,Monsters University,en,13.1535,2013-06-19,7.055,11425,2013,10751,Family
35,62211,Monsters University,en,13.1535,2013-06-19,7.055,11425,2013,35,Comedy
14,62211,Monsters University,en,13.1535,2013-06-19,7.055,11425,2013,14,Fantasy
12,36557,Casino Royale,en,13.1924,2006-11-14,7.575,11815,2006,12,Adventure
28,36557,Casino Royale,en,13.1924,2006-11-14,7.575,11815,2006,28,Action
53,36557,Casino Royale,en,13.1924,2006-11-14,7.575,11815,2006,53,Thriller
16,1376434,Predator: Killer of Killers,en,14.7068,2025-06-05,7.781,1265,2025,16,Animation
28,1376434,Predator: Killer of Killers,en,14.7068,2025-06-05,7.781,1265,2025,28,Action
878,1376434,Predator: Killer of Killers,en,14.7068,2025-06-05,7.781,1265,2025,878,Science Fiction
53,1376434,Predator: Killer of Killers,en,14.7068,2025-06-05,7.781,1265,2025,53,Thriller
28,575264,Mission: Impossible - Dead Reckoning Part One,en,12.8799,2023-07-08,7.503,5222,2023,28,Action
12,575264,Mission: Impossible - Dead Reckoning Part One,en,12.8799,2023-07-08,7.503,5222,2023,12,Adventure
53,575264,Mission: Impossible - Dead Reckoning Part One,en,12.8799,2023-07-08,7.503,5222,2023,53,Thriller
80,242582,Nightcrawler,en,14.6838,2014-10-23,7.708,11853,2014,80,Crime
18,242582,Nightcrawler,en,14.6838,2014-10-23,7.708,11853,2014,18,Drama
53,242582,Nightcrawler,en,14.6838,2014-10-23,7.708,11853,2014,53,Thriller
12,9487,A Bug's Life,en,14.1627,1998-11-25,6.981,9808,1998,12,Adventure
16,9487,A Bug's Life,en,14.1627,1998-11-25,6.981,9808,1998,16,Animation
35,9487,A Bug's Life,en,14.1627,1998-11-25,6.981,9808,1998,35,Comedy
10751,9487,A Bug's Life,en,14.1627,1998-11-25,6.981,9808,1998,10751,Family
18,1366,Rocky,en,13.816,1976-12-03,7.8,8735,1976,18,Drama
28,137113,Edge of Tomorrow,en,12.8894,2014-05-27,7.642,15256,2014,28,Action
878,137113,Edge of Tomorrow,en,12.8894,2014-05-27,7.642,15256,2014,878,Science Fiction
80,207703,Kingsman: The Secret Service,en,13.5925,2015-01-24,7.62,17940,2015,80,Crime
35,207703,Kingsman: The Secret Service,en,13.5925,2015-01-24,7.62,17940,2015,35,Comedy
28,207703,Kingsman: The Secret Service,en,13.5925,2015-01-24,7.62,17940,2015,28,Action
12,207703,Kingsman: The Secret Service,en,13.5925,2015-01-24,7.62,17940,2015,12,Adventure
28,197,Braveheart,en,14.5417,1995-05-24,7.945,11250,1995,28,Action
18,197,Braveheart,en,14.5417,1995-05-24,7.945,11250,1995,18,Drama
36,197,Braveheart,en,14.5417,1995-05-24,7.945,11250,1995,36,History
10752,197,Braveheart,en,14.5417,1995-05-24,7.945,11250,1995,10752,War
28,9323,Ghost in the Shell,ja,12.4713,1995-11-18,7.9,3956,1995,28,Action
16,9323,Ghost in the Shell,ja,12.4713,1995-11-18,7.9,3956,1995,16,Animation
878,9323,Ghost in the Shell,ja,12.4713,1995-11-18,7.9,3956,1995,878,Science Fiction
28,573435,Bad Boys: Ride or Die,en,14.0309,2024-06-05,7.318,3400,2024,28,Action
35,573435,Bad Boys: Ride or Die,en,14.0309,2024-06-05,7.318,3400,2024,35,Comedy
80,573435,Bad Boys: Ride or Die,en,14.0309,2024-06-05,7.318,3400,2024,80,Crime
12,601,E.T. the Extra-Terrestrial,en,13.5982,1982-06-11,7.518,12105,1982,12,Adventure
878,601,E.T. the Extra-Terrestrial,en,13.5982,1982-06-11,7.518,12105,1982,878,Science Fiction
10751,601,E.T. the Extra-Terrestrial,en,13.5982,1982-06-11,7.518,12105,1982,10751,Family
28,7220,The Punisher,en,13.6416,2004-04-15,6.377,3201,2004,28,Action
80,7220,The Punisher,en,13.6416,2004-04-15,6.377,3201,2004,80,Crime
18,7220,The Punisher,en,13.6416,2004-04-15,6.377,3201,2004,18,Drama
80,107,Snatch,en,12.4245,2000-09-01,7.8,10096,2000,80,Crime
35,107,Snatch,en,12.4245,2000-09-01,7.8,10096,2000,35,Comedy
878,524434,Eternals,en,13.3791,2021-11-03,6.8,9256,2021,878,Science Fiction
28,524434,Eternals,en,13.3791,2021-11-03,6.8,9256,2021,28,Action
12,524434,Eternals,en,13.3791,2021-11-03,6.8,9256,2021,12,Adventure
16,49444,Kung Fu Panda 2,en,13.6435,2011-05-25,7.076,8002,2011,16,Animation
10751,49444,Kung Fu Panda 2,en,13.6435,2011-05-25,7.076,8002,2011,10751,Family
35,49444,Kung Fu Panda 2,en,13.6435,2011-05-25,7.076,8002,2011,35,Comedy
28,49444,Kung Fu Panda 2,en,13.6435,2011-05-25,7.076,8002,2011,28,Action
18,568,Apollo 13,en,14.3853,1995-06-30,7.5,5998,1995,18,Drama
36,568,Apollo 13,en,14.3853,1995-06-30,7.5,5998,1995,36,History
28,184315,Hercules,en,13.1639,2014-07-23,5.804,4394,2014,28,Action
12,184315,Hercules,en,13.1639,2014-07-23,5.804,4394,2014,12,Adventure
12,351286,Jurassic World: Fallen Kingdom,en,13.7933,2018-06-06,6.5,12871,2018,12,Adventure
878,351286,Jurassic World: Fallen Kingdom,en,13.7933,2018-06-06,6.5,12871,2018,878,Science Fiction
53,351286,Jurassic World: Fallen Kingdom,en,13.7933,2018-06-06,6.5,12871,2018,53,Thriller
12,630,The Wizard of Oz,en,13.9085,1939-08-21,7.584,6171,1939,12,Adventure
14,630,The Wizard of Oz,en,13.9085,1939-08-21,7.584,6171,1939,14,Fantasy
10751,630,The Wizard of Oz,en,13.9085,1939-08-21,7.584,6171,1939,10751,Family
9648,2832,Identity,en,13.5946,2003-04-25,7.185,4439,2003,9648,Mystery
53,2832,Identity,en,13.5946,2003-04-25,7.185,4439,2003,53,Thriller
16,10198,The Princess and the Frog,en,12.8723,2009-12-08,7.232,6196,2009,16,Animation
10749,10198,The Princess and the Frog,en,12.8723,2009-12-08,7.232,6196,2009,10749,Romance
14,10198,The Princess and the Frog,en,12.8723,2009-12-08,7.232,6196,2009,14,Fantasy
10751,10198,The Princess and the Frog,en,12.8723,2009-12-08,7.232,6196,2009,10751,Family
28,245891,John Wick,en,16.8683,2014-10-16,7.46,21043,2014,28,Action
53,245891,John Wick,en,16.8683,2014-10-16,7.46,21043,2014,53,Thriller
36,753342,Napoleon,en,14.0825,2023-11-22,6.305,3168,2023,36,History
10752,753342,Napoleon,en,14.0825,2023-11-22,6.305,3168,2023,10752,War
18,753342,Napoleon,en,14.0825,2023-11-22,6.305,3168,2023,18,Drama
878,792307,Poor Things,en,11.8062,2023-12-07,7.637,5591,2023,878,Science Fiction
10749,792307,Poor Things,en,11.8062,2023-12-07,7.637,5591,2023,10749,Romance
35,792307,Poor Things,en,11.8062,2023-12-07,7.637,5591,2023,35,Comedy
18,974576,Conclave,en,13.155,2024-10-25,7.188,3488,2024,18,Drama
53,974576,Conclave,en,13.155,2024-10-25,7.188,3488,2024,53,Thriller
53,524047,Greenland,en,12.9939,2020-07-29,7.128,5426,2020,53,Thriller
28,524047,Greenland,en,12.9939,2020-07-29,7.128,5426,2020,28,Action
878,524047,Greenland,en,12.9939,2020-07-29,7.128,5426,2020,878,Science Fiction
14,162,Edward Scissorhands,en,13.2856,1990-12-07,7.721,13883,1990,14,Fantasy
18,162,Edward Scissorhands,en,13.2856,1990-12-07,7.721,13883,1990,18,Drama
10749,162,Edward Scissorhands,en,13.2856,1990-12-07,7.721,13883,1990,10749,Romance
53,645710,The Voyeurs,en,12.6085,2021-08-25,6.547,1236,2021,53,Thriller
16,335797,Sing,en,11.9882,2016-11-23,7.125,8494,2016,16,Animation
35,335797,Sing,en,11.9882,2016-11-23,7.125,8494,2016,35,Comedy
10751,335797,Sing,en,11.9882,2016-11-23,7.125,8494,2016,10751,Family
10402,335797,Sing,en,11.9882,2016-11-23,7.125,8494,2016,10402,Music
35,550988,Free Guy,en,13.5286,2021-08-11,7.446,9966,2021,35,Comedy
12,550988,Free Guy,en,13.5286,2021-08-11,7.446,9966,2021,12,Adventure
878,550988,Free Guy,en,13.5286,2021-08-11,7.446,9966,2021,878,Science Fiction
28,2109,Rush Hour,en,12.7581,1998-09-18,7.084,5762,1998,28,Action
35,2109,Rush Hour,en,12.7581,1998-09-18,7.084,5762,1998,35,Comedy
80,2109,Rush Hour,en,12.7581,1998-09-18,7.084,5762,1998,80,Crime
27,934433,Scream VI,en,14.4197,2023-03-08,6.941,3264,2023,27,Horror
53,934433,Scream VI,en,14.4197,2023-03-08,6.941,3264,2023,53,Thriller
80,934433,Scream VI,en,14.4197,2023-03-08,6.941,3264,2023,80,Crime
16,10494,Perfect Blue,ja,14.8965,1998-02-28,8.3,3267,1998,16,Animation
53,10494,Perfect Blue,ja,14.8965,1998-02-28,8.3,3267,1998,53,Thriller
878,131631,The Hunger Games: Mockingjay - Part 1,en,13.0533,2014-11-19,6.818,16834,2014,878,Science Fiction
12,131631,The Hunger Games: Mockingjay - Part 1,en,13.0533,2014-11-19,6.818,16834,2014,12,Adventure
53,131631,The Hunger Games: Mockingjay - Part 1,en,13.0533,2014-11-19,6.818,16834,2014,53,Thriller
27,439079,The Nun,en,13.7222,2018-09-05,5.909,7235,2018,27,Horror
28,1572,Die Hard: With a Vengeance,en,13.8685,1995-05-19,7.284,6741,1995,28,Action
53,1572,Die Hard: With a Vengeance,en,13.8685,1995-05-19,7.284,6741,1995,53,Thriller
18,50014,The Help,en,13.6189,2011-08-09,8.206,9144,2011,18,Drama
27,1290417,Thrash,en,11.9159,2026-04-10,6.055,713,2026,27,Horror
53,1290417,Thrash,en,11.9159,2026-04-10,6.055,713,2026,53,Thriller
35,194,Amélie,fr,12.8518,2001-04-25,7.9,12504,2001,35,Comedy
10749,194,Amélie,fr,12.8518,2001-04-25,7.9,12504,2001,10749,Romance
18,331482,Little Women,en,12.4616,2019-12-25,7.844,6906,2019,18,Drama
10749,331482,Little Women,en,12.4616,2019-12-25,7.844,6906,2019,10749,Romance
12,353486,Jumanji: Welcome to the Jungle,en,13.6969,2017-12-09,6.821,14624,2017,12,Adventure
35,353486,Jumanji: Welcome to the Jungle,en,13.6969,2017-12-09,6.821,14624,2017,35,Comedy
14,353486,Jumanji: Welcome to the Jungle,en,13.6969,2017-12-09,6.821,14624,2017,14,Fantasy
28,353486,Jumanji: Welcome to the Jungle,en,13.6969,2017-12-09,6.821,14624,2017,28,Action
18,15121,The Sound of Music,en,13.7695,1965-03-29,7.731,3664,1965,18,Drama
10751,15121,The Sound of Music,en,13.7695,1965-03-29,7.731,3664,1965,10751,Family
10402,15121,The Sound of Music,en,13.7695,1965-03-29,7.731,3664,1965,10402,Music
10749,15121,The Sound of Music,en,13.7695,1965-03-29,7.731,3664,1965,10749,Romance
28,384018,Fast & Furious Presents: Hobbs & Shaw,en,13.7317,2019-07-31,6.827,7840,2019,28,Action
12,384018,Fast & Furious Presents: Hobbs & Shaw,en,13.7317,2019-07-31,6.827,7840,2019,12,Adventure
35,384018,Fast & Furious Presents: Hobbs & Shaw,en,13.7317,2019-07-31,6.827,7840,2019,35,Comedy
27,423108,The Conjuring: The Devil Made Me Do It,en,13.1679,2021-05-25,7.345,6617,2021,27,Horror
9648,423108,The Conjuring: The Devil Made Me Do It,en,13.1679,2021-05-25,7.345,6617,2021,9648,Mystery
53,423108,The Conjuring: The Devil Made Me Do It,en,13.1679,2021-05-25,7.345,6617,2021,53,Thriller
27,381288,Split,en,13.5545,2017-01-19,7.342,18455,2017,27,Horror
53,381288,Split,en,13.5545,2017-01-19,7.342,18455,2017,53,Thriller
878,1159831,The Bride!,en,13.1383,2026-03-04,6.117,590,2026,878,Science Fiction
27,1159831,The Bride!,en,13.1383,2026-03-04,6.117,590,2026,27,Horror
14,1159831,The Bride!,en,13.1383,2026-03-04,6.117,590,2026,14,Fantasy
10749,1367642,Reminders of Him,en,12.9712,2026-03-11,7.776,366,2026,10749,Romance
18,1367642,Reminders of Him,en,12.9712,2026-03-11,7.776,366,2026,18,Drama
27,760104,X,en,11.4372,2022-03-17,6.714,4040,2022,27,Horror
12,11836,The SpongeBob SquarePants Movie,en,12.9634,2004-11-19,7.092,3249,2004,12,Adventure
16,11836,The SpongeBob SquarePants Movie,en,12.9634,2004-11-19,7.092,3249,2004,16,Animation
35,11836,The SpongeBob SquarePants Movie,en,12.9634,2004-11-19,7.092,3249,2004,35,Comedy
10751,11836,The SpongeBob SquarePants Movie,en,12.9634,2004-11-19,7.092,3249,2004,10751,Family
14,11836,The SpongeBob SquarePants Movie,en,12.9634,2004-11-19,7.092,3249,2004,14,Fantasy
16,1022787,Elio,en,12.7514,2025-06-18,6.901,1057,2025,16,Animation
12,1022787,Elio,en,12.7514,2025-06-18,6.901,1057,2025,12,Adventure
878,1022787,Elio,en,12.7514,2025-06-18,6.901,1057,2025,878,Science Fiction
10751,1022787,Elio,en,12.7514,2025-06-18,6.901,1057,2025,10751,Family
16,35,The Simpsons Movie,en,14.6572,2007-07-25,7.023,8620,2007,16,Animation
35,35,The Simpsons Movie,en,14.6572,2007-07-25,7.023,8620,2007,35,Comedy
10751,35,The Simpsons Movie,en,14.6572,2007-07-25,7.023,8620,2007,10751,Family
27,1153714,Death of a Unicorn,en,13.1322,2025-03-17,6.399,871,2025,27,Horror
14,1153714,Death of a Unicorn,en,13.1322,2025-03-17,6.399,871,2025,14,Fantasy
35,1153714,Death of a Unicorn,en,13.1322,2025-03-17,6.399,871,2025,35,Comedy
80,500,Reservoir Dogs,en,13.8448,1992-09-02,8.113,15619,1992,80,Crime
53,500,Reservoir Dogs,en,13.8448,1992-09-02,8.113,15619,1992,53,Thriller
28,1573,Die Hard 2,en,14.3984,1990-07-03,6.972,6478,1990,28,Action
53,1573,Die Hard 2,en,14.3984,1990-07-03,6.972,6478,1990,53,Thriller
14,9479,The Nightmare Before Christmas,en,12.213,1993-10-09,7.834,10433,1993,14,Fantasy
16,9479,The Nightmare Before Christmas,en,12.213,1993-10-09,7.834,10433,1993,16,Animation
10751,9479,The Nightmare Before Christmas,en,12.213,1993-10-09,7.834,10433,1993,10751,Family
28,335787,Uncharted,en,13.04,2022-02-10,6.882,7003,2022,28,Action
12,335787,Uncharted,en,13.04,2022-02-10,6.882,7003,2022,12,Adventure
9648,335787,Uncharted,en,13.04,2022-02-10,6.882,7003,2022,9648,Mystery
18,792,Platoon,en,11.7241,1986-12-19,7.8,5181,1986,18,Drama
10752,792,Platoon,en,11.7241,1986-12-19,7.8,5181,1986,10752,War
28,792,Platoon,en,11.7241,1986-12-19,7.8,5181,1986,28,Action
53,591,The Da Vinci Code,en,12.4713,2006-05-17,6.732,10166,2006,53,Thriller
9648,591,The Da Vinci Code,en,12.4713,2006-05-17,6.732,10166,2006,9648,Mystery
28,100402,Captain America: The Winter Soldier,en,13.2428,2014-03-20,7.655,20174,2014,28,Action
12,100402,Captain America: The Winter Soldier,en,13.2428,2014-03-20,7.655,20174,2014,12,Adventure
878,100402,Captain America: The Winter Soldier,en,13.2428,2014-03-20,7.655,20174,2014,878,Science Fiction
28,1368,First Blood,en,13.6601,1982-10-22,7.511,6965,1982,28,Action
53,1368,First Blood,en,13.6601,1982-10-22,7.511,6965,1982,53,Thriller
18,1368,First Blood,en,13.6601,1982-10-22,7.511,6965,1982,18,Drama
53,1426776,STRAW,en,13.7483,2025-06-05,7.692,985,2025,53,Thriller
18,1426776,STRAW,en,13.7483,2025-06-05,7.692,985,2025,18,Drama
80,1426776,STRAW,en,13.7483,2025-06-05,7.692,985,2025,80,Crime
10751,11224,Cinderella,en,13.2849,1950-02-22,7.05,7206,1950,10751,Family
14,11224,Cinderella,en,13.2849,1950-02-22,7.05,7206,1950,14,Fantasy
16,11224,Cinderella,en,13.2849,1950-02-22,7.05,7206,1950,16,Animation
10749,11224,Cinderella,en,13.2849,1950-02-22,7.05,7206,1950,10749,Romance
28,926393,The Equalizer 3,en,13.7374,2023-08-30,7.3,3801,2023,28,Action
53,926393,The Equalizer 3,en,13.7374,2023-08-30,7.3,3801,2023,53,Thriller
80,926393,The Equalizer 3,en,13.7374,2023-08-30,7.3,3801,2023,80,Crime
18,4922,The Curious Case of Benjamin Button,en,12.7379,2008-12-25,7.601,13859,2008,18,Drama
14,4922,The Curious Case of Benjamin Button,en,12.7379,2008-12-25,7.601,13859,2008,14,Fantasy
10749,4922,The Curious Case of Benjamin Button,en,12.7379,2008-12-25,7.601,13859,2008,10749,Romance
53,1220564,The Secret Agent,pt,12.8535,2025-07-23,7.19,777,2025,53,Thriller
18,1220564,The Secret Agent,pt,12.8535,2025-07-23,7.19,777,2025,18,Drama
80,1220564,The Secret Agent,pt,12.8535,2025-07-23,7.19,777,2025,80,Crime
14,102651,Maleficent,en,12.3266,2014-05-28,7.088,13820,2014,14,Fantasy
12,102651,Maleficent,en,12.3266,2014-05-28,7.088,13820,2014,12,Adventure
28,102651,Maleficent,en,12.3266,2014-05-28,7.088,13820,2014,28,Action
10751,102651,Maleficent,en,12.3266,2014-05-28,7.088,13820,2014,10751,Family
10749,102651,Maleficent,en,12.3266,2014-05-28,7.088,13820,2014,10749,Romance
80,1032823,Trap,en,12.3919,2024-07-31,6.234,2923,2024,80,Crime
27,1032823,Trap,en,12.3919,2024-07-31,6.234,2923,2024,27,Horror
53,1032823,Trap,en,12.3919,2024-07-31,6.234,2923,2024,53,Thriller
35,1115544,Mike & Nick & Nick & Alice,en,12.1014,2026-03-14,6.7,410,2026,35,Comedy
878,1115544,Mike & Nick & Nick & Alice,en,12.1014,2026-03-14,6.7,410,2026,878,Science Fiction
80,1115544,Mike & Nick & Nick & Alice,en,12.1014,2026-03-14,6.7,410,2026,80,Crime
28,640146,Ant-Man and the Wasp: Quantumania,en,12.7091,2023-02-15,6.225,5939,2023,28,Action
12,640146,Ant-Man and the Wasp: Quantumania,en,12.7091,2023-02-15,6.225,5939,2023,12,Adventure
878,640146,Ant-Man and the Wasp: Quantumania,en,12.7091,2023-02-15,6.225,5939,2023,878,Science Fiction
16,508943,Luca,en,12.4052,2021-06-17,7.779,9020,2021,16,Animation
10751,508943,Luca,en,12.4052,2021-06-17,7.779,9020,2021,10751,Family
14,508943,Luca,en,12.4052,2021-06-17,7.779,9020,2021,14,Fantasy
18,508943,Luca,en,12.4052,2021-06-17,7.779,9020,2021,18,Drama
35,508943,Luca,en,12.4052,2021-06-17,7.779,9020,2021,35,Comedy
27,1813,The Devil's Advocate,en,13.6034,1997-10-17,7.48,6904,1997,27,Horror
18,1813,The Devil's Advocate,en,13.6034,1997-10-17,7.48,6904,1997,18,Drama
9648,1813,The Devil's Advocate,en,13.6034,1997-10-17,7.48,6904,1997,9648,Mystery
12,74,War of the Worlds,en,11.6005,2005-06-28,6.556,9328,2005,12,Adventure
53,74,War of the Worlds,en,11.6005,2005-06-28,6.556,9328,2005,53,Thriller
878,74,War of the Worlds,en,11.6005,2005-06-28,6.556,9328,2005,878,Science Fiction
9648,745,The Sixth Sense,en,12.5412,1999-08-06,7.955,13027,1999,9648,Mystery
53,745,The Sixth Sense,en,12.5412,1999-08-06,7.955,13027,1999,53,Thriller
18,745,The Sixth Sense,en,12.5412,1999-08-06,7.955,13027,1999,18,Drama
27,420634,Terrifier,en,13.3197,2018-01-25,6.315,3015,2018,27,Horror
28,1291608,Dhurandhar,hi,14.7026,2025-12-05,7.292,330,2025,28,Action
80,1291608,Dhurandhar,hi,14.7026,2025-12-05,7.292,330,2025,80,Crime
53,1291608,Dhurandhar,hi,14.7026,2025-12-05,7.292,330,2025,53,Thriller
12,516729,Paddington in Peru,en,13.019,2024-11-08,6.812,717,2024,12,Adventure
35,516729,Paddington in Peru,en,13.019,2024-11-08,6.812,717,2024,35,Comedy
10751,516729,Paddington in Peru,en,13.019,2024-11-08,6.812,717,2024,10751,Family
27,447332,A Quiet Place,en,13.772,2018-04-03,7.395,15498,2018,27,Horror
18,447332,A Quiet Place,en,13.772,2018-04-03,7.395,15498,2018,18,Drama
878,447332,A Quiet Place,en,13.772,2018-04-03,7.395,15498,2018,878,Science Fiction
80,242,The Godfather Part III,en,12.5278,1990-12-25,7.421,6943,1990,80,Crime
18,242,The Godfather Part III,en,12.5278,1990-12-25,7.421,6943,1990,18,Drama
53,242,The Godfather Part III,en,12.5278,1990-12-25,7.421,6943,1990,53,Thriller
14,856,Who Framed Roger Rabbit,en,13.5165,1988-06-22,7.54,6244,1988,14,Fantasy
16,856,Who Framed Roger Rabbit,en,13.5165,1988-06-22,7.54,6244,1988,16,Animation
35,856,Who Framed Roger Rabbit,en,13.5165,1988-06-22,7.54,6244,1988,35,Comedy
80,856,Who Framed Roger Rabbit,en,13.5165,1988-06-22,7.54,6244,1988,80,Crime
878,373571,Godzilla: King of the Monsters,en,13.8714,2019-05-29,6.691,6793,2019,878,Science Fiction
28,373571,Godzilla: King of the Monsters,en,13.8714,2019-05-29,6.691,6793,2019,28,Action
27,9552,The Exorcist,en,12.467,1973-12-26,7.746,8740,1973,27,Horror
9648,870028,The Accountant²,en,12.227,2025-04-23,7.079,1845,2025,9648,Mystery
80,870028,The Accountant²,en,12.227,2025-04-23,7.079,1845,2025,80,Crime
53,870028,The Accountant²,en,12.227,2025-04-23,7.079,1845,2025,53,Thriller
28,787,Mr. & Mrs. Smith,en,14.1252,2005-06-07,6.693,11328,2005,28,Action
35,787,Mr. & Mrs. Smith,en,14.1252,2005-06-07,6.693,11328,2005,35,Comedy
18,787,Mr. & Mrs. Smith,en,14.1252,2005-06-07,6.693,11328,2005,18,Drama
53,787,Mr. & Mrs. Smith,en,14.1252,2005-06-07,6.693,11328,2005,53,Thriller
18,7485,Shooter,en,13.0172,2007-03-22,7.128,5528,2007,18,Drama
28,7485,Shooter,en,13.0172,2007-03-22,7.128,5528,2007,28,Action
53,7485,Shooter,en,13.0172,2007-03-22,7.128,5528,2007,53,Thriller
16,15512,Monsters vs Aliens,en,12.335,2009-03-19,6.3,5037,2009,16,Animation
10751,15512,Monsters vs Aliens,en,12.335,2009-03-19,6.3,5037,2009,10751,Family
12,15512,Monsters vs Aliens,en,12.335,2009-03-19,6.3,5037,2009,12,Adventure
878,15512,Monsters vs Aliens,en,12.335,2009-03-19,6.3,5037,2009,878,Science Fiction
878,98566,Teenage Mutant Ninja Turtles,en,12.6306,2014-08-07,5.933,7247,2014,878,Science Fiction
28,98566,Teenage Mutant Ninja Turtles,en,12.6306,2014-08-07,5.933,7247,2014,28,Action
12,98566,Teenage Mutant Ninja Turtles,en,12.6306,2014-08-07,5.933,7247,2014,12,Adventure
35,98566,Teenage Mutant Ninja Turtles,en,12.6306,2014-08-07,5.933,7247,2014,35,Comedy
16,527774,Raya and the Last Dragon,en,12.6715,2021-03-03,7.799,7354,2021,16,Animation
28,527774,Raya and the Last Dragon,en,12.6715,2021-03-03,7.799,7354,2021,28,Action
12,527774,Raya and the Last Dragon,en,12.6715,2021-03-03,7.799,7354,2021,12,Adventure
14,527774,Raya and the Last Dragon,en,12.6715,2021-03-03,7.799,7354,2021,14,Fantasy
10751,527774,Raya and the Last Dragon,en,12.6715,2021-03-03,7.799,7354,2021,10751,Family
878,340102,The New Mutants,en,12.8404,2020-04-02,6.069,3755,2020,878,Science Fiction
27,340102,The New Mutants,en,12.8404,2020-04-02,6.069,3755,2020,27,Horror
28,346,Seven Samurai,ja,14.0365,1954-04-26,8.451,4289,1954,28,Action
18,346,Seven Samurai,ja,14.0365,1954-04-26,8.451,4289,1954,18,Drama
27,840705,Blink Twice,en,12.3956,2024-08-21,6.678,1964,2024,27,Horror
9648,840705,Blink Twice,en,12.3956,2024-08-21,6.678,1964,2024,9648,Mystery
53,840705,Blink Twice,en,12.3956,2024-08-21,6.678,1964,2024,53,Thriller
28,36648,Blade: Trinity,en,13.0476,2004-12-08,5.862,4376,2004,28,Action
27,36648,Blade: Trinity,en,13.0476,2004-12-08,5.862,4376,2004,27,Horror
878,36648,Blade: Trinity,en,13.0476,2004-12-08,5.862,4376,2004,878,Science Fiction
28,1195506,Novocaine,en,11.1177,2025-03-03,6.784,1667,2025,28,Action
35,1195506,Novocaine,en,11.1177,2025-03-03,6.784,1667,2025,35,Comedy
53,1195506,Novocaine,en,11.1177,2025-03-03,6.784,1667,2025,53,Thriller
10749,1358005,Office Romance,en,12.6653,2026-06-04,6.397,324,2026,10749,Romance
35,1358005,Office Romance,en,12.6653,2026-06-04,6.397,324,2026,35,Comedy
12,1894,Star Wars: Episode II - Attack of the Clones,en,12.5933,2002-05-15,6.597,14493,2002,12,Adventure
28,1894,Star Wars: Episode II - Attack of the Clones,en,12.5933,2002-05-15,6.597,14493,2002,28,Action
878,1894,Star Wars: Episode II - Attack of the Clones,en,12.5933,2002-05-15,6.597,14493,2002,878,Science Fiction
12,105864,The Good Dinosaur,en,12.8277,2015-11-14,6.748,6078,2015,12,Adventure
16,105864,The Good Dinosaur,en,12.8277,2015-11-14,6.748,6078,2015,16,Animation
10751,105864,The Good Dinosaur,en,12.8277,2015-11-14,6.748,6078,2015,10751,Family
28,458156,John Wick: Chapter 3 - Parabellum,en,12.6651,2019-05-15,7.44,11884,2019,28,Action
53,458156,John Wick: Chapter 3 - Parabellum,en,12.6651,2019-05-15,7.44,11884,2019,53,Thriller
80,458156,John Wick: Chapter 3 - Parabellum,en,12.6651,2019-05-15,7.44,11884,2019,80,Crime
28,718930,Bullet Train,en,12.1614,2022-08-03,7.41,7692,2022,28,Action
35,718930,Bullet Train,en,12.1614,2022-08-03,7.41,7692,2022,35,Comedy
53,718930,Bullet Train,en,12.1614,2022-08-03,7.41,7692,2022,53,Thriller
28,777443,The Electric State,en,12.7758,2025-02-24,6.483,1726,2025,28,Action
12,777443,The Electric State,en,12.7758,2025-02-24,6.483,1726,2025,12,Adventure
878,777443,The Electric State,en,12.7758,2025-02-24,6.483,1726,2025,878,Science Fiction
16,80321,Madagascar 3: Europe's Most Wanted,en,12.8171,2012-06-06,6.6,6639,2012,16,Animation
10751,80321,Madagascar 3: Europe's Most Wanted,en,12.8171,2012-06-06,6.6,6639,2012,10751,Family
35,80321,Madagascar 3: Europe's Most Wanted,en,12.8171,2012-06-06,6.6,6639,2012,35,Comedy
12,80321,Madagascar 3: Europe's Most Wanted,en,12.8171,2012-06-06,6.6,6639,2012,12,Adventure
9648,4192,Death on the Nile,en,12.3387,1978-09-29,7.144,921,1978,9648,Mystery
28,95,Armageddon,en,12.7393,1998-07-01,6.8,8685,1998,28,Action
878,95,Armageddon,en,12.7393,1998-07-01,6.8,8685,1998,878,Science Fiction
12,95,Armageddon,en,12.7393,1998-07-01,6.8,8685,1998,12,Adventure
27,176,Saw,en,12.5458,2004-10-01,7.425,10181,2004,27,Horror
9648,176,Saw,en,12.5458,2004-10-01,7.425,10181,2004,9648,Mystery
80,176,Saw,en,12.5458,2004-10-01,7.425,10181,2004,80,Crime
28,752,V for Vendetta,en,12.6633,2006-02-23,7.902,15714,2006,28,Action
53,752,V for Vendetta,en,12.6633,2006-02-23,7.902,15714,2006,53,Thriller
878,752,V for Vendetta,en,12.6633,2006-02-23,7.902,15714,2006,878,Science Fiction
28,754,Face/Off,en,12.8108,1997-06-27,7.059,5987,1997,28,Action
80,754,Face/Off,en,12.8108,1997-06-27,7.059,5987,1997,80,Crime
878,754,Face/Off,en,12.8108,1997-06-27,7.059,5987,1997,878,Science Fiction
14,9480,Daredevil,en,12.9197,2003-02-14,5.301,5515,2003,14,Fantasy
28,9480,Daredevil,en,12.9197,2003-02-14,5.301,5515,2003,28,Action
12,1735,The Mummy: Tomb of the Dragon Emperor,en,12.4986,2008-07-01,5.521,4861,2008,12,Adventure
28,1735,The Mummy: Tomb of the Dragon Emperor,en,12.4986,2008-07-01,5.521,4861,2008,28,Action
14,1735,The Mummy: Tomb of the Dragon Emperor,en,12.4986,2008-07-01,5.521,4861,2008,14,Fantasy
28,1223601,Sisu: Road to Revenge,fi,12.4769,2025-10-21,7.315,850,2025,28,Action
10752,1223601,Sisu: Road to Revenge,fi,12.4769,2025-10-21,7.315,850,2025,10752,War
53,1223601,Sisu: Road to Revenge,fi,12.4769,2025-10-21,7.315,850,2025,53,Thriller
27,126889,Alien: Covenant,en,11.5765,2017-05-09,6.183,9529,2017,27,Horror
878,126889,Alien: Covenant,en,11.5765,2017-05-09,6.183,9529,2017,878,Science Fiction
12,329,Jurassic Park,en,12.565,1993-06-11,7.976,18087,1993,12,Adventure
878,329,Jurassic Park,en,12.565,1993-06-11,7.976,18087,1993,878,Science Fiction
14,1043197,Dust Bunny,en,12.4709,2025-12-11,6.668,356,2025,14,Fantasy
28,1043197,Dust Bunny,en,12.4709,2025-12-11,6.668,356,2025,28,Action
27,1043197,Dust Bunny,en,12.4709,2025-12-11,6.668,356,2025,27,Horror
10752,49046,All Quiet on the Western Front,de,11.5045,2022-10-07,7.736,4786,2022,10752,War
18,49046,All Quiet on the Western Front,de,11.5045,2022-10-07,7.736,4786,2022,18,Drama
27,1116201,Iron Lung,en,12.5067,2026-01-30,6.943,358,2026,27,Horror
9648,1116201,Iron Lung,en,12.5067,2026-01-30,6.943,358,2026,9648,Mystery
878,1116201,Iron Lung,en,12.5067,2026-01-30,6.943,358,2026,878,Science Fiction
28,440,Aliens vs Predator: Requiem,en,12.7957,2007-12-25,5.166,3370,2007,28,Action
878,440,Aliens vs Predator: Requiem,en,12.7957,2007-12-25,5.166,3370,2007,878,Science Fiction
53,440,Aliens vs Predator: Requiem,en,12.7957,2007-12-25,5.166,3370,2007,53,Thriller
27,440,Aliens vs Predator: Requiem,en,12.7957,2007-12-25,5.166,3370,2007,27,Horror
12,89,Indiana Jones and the Last Crusade,en,12.1228,1989-05-24,7.854,11182,1989,12,Adventure
28,89,Indiana Jones and the Last Crusade,en,12.1228,1989-05-24,7.854,11182,1989,28,Action
53,1005331,Carry-On,en,12.8003,2024-12-05,6.882,2823,2024,53,Thriller
28,1005331,Carry-On,en,12.8003,2024-12-05,6.882,2823,2024,28,Action
35,1149504,Honey Don't!,en,11.5998,2025-08-21,5.521,446,2025,35,Comedy
80,1149504,Honey Don't!,en,11.5998,2025-08-21,5.521,446,2025,80,Crime
53,1149504,Honey Don't!,en,11.5998,2025-08-21,5.521,446,2025,53,Thriller
10749,758330,"Good Luck to You, Leo Grande",en,13.7284,2022-06-16,6.986,693,2022,10749,Romance
18,758330,"Good Luck to You, Leo Grande",en,13.7284,2022-06-16,6.986,693,2022,18,Drama
35,19404,Dilwale Dulhania Le Jayenge,hi,14.8919,1995-10-20,8.509,4604,1995,35,Comedy
18,19404,Dilwale Dulhania Le Jayenge,hi,14.8919,1995-10-20,8.509,4604,1995,18,Drama
10749,19404,Dilwale Dulhania Le Jayenge,hi,14.8919,1995-10-20,8.509,4604,1995,10749,Romance
28,8681,Taken,en,12.2889,2008-02-18,7.409,12211,2008,28,Action
53,8681,Taken,en,12.2889,2008-02-18,7.409,12211,2008,53,Thriller
28,9470,Kung Fu Hustle,cn,11.5459,2004-02-10,7.509,3253,2004,28,Action
35,9470,Kung Fu Hustle,cn,11.5459,2004-02-10,7.509,3253,2004,35,Comedy
80,9470,Kung Fu Hustle,cn,11.5459,2004-02-10,7.509,3253,2004,80,Crime
14,9470,Kung Fu Hustle,cn,11.5459,2004-02-10,7.509,3253,2004,14,Fantasy
80,11423,Memories of Murder,ko,13.5396,2003-04-25,8.06,4685,2003,80,Crime
18,11423,Memories of Murder,ko,13.5396,2003-04-25,8.06,4685,2003,18,Drama
53,11423,Memories of Murder,ko,13.5396,2003-04-25,8.06,4685,2003,53,Thriller
28,240832,Lucy,en,11.6874,2014-07-25,6.475,17198,2014,28,Action
878,240832,Lucy,en,11.6874,2014-07-25,6.475,17198,2014,878,Science Fiction
28,1119878,Ice Road: Vengeance,en,13.2998,2025-06-27,6.247,648,2025,28,Action
53,1119878,Ice Road: Vengeance,en,13.2998,2025-06-27,6.247,648,2025,53,Thriller
18,1119878,Ice Road: Vengeance,en,13.2998,2025-06-27,6.247,648,2025,18,Drama
16,950,Ice Age: The Meltdown,en,11.6659,2006-03-29,6.725,10434,2006,16,Animation
10751,950,Ice Age: The Meltdown,en,11.6659,2006-03-29,6.725,10434,2006,10751,Family
35,950,Ice Age: The Meltdown,en,11.6659,2006-03-29,6.725,10434,2006,35,Comedy
12,950,Ice Age: The Meltdown,en,11.6659,2006-03-29,6.725,10434,2006,12,Adventure
10751,270946,Penguins of Madagascar,en,12.6278,2014-11-22,6.539,4522,2014,10751,Family
16,270946,Penguins of Madagascar,en,12.6278,2014-11-22,6.539,4522,2014,16,Animation
12,270946,Penguins of Madagascar,en,12.6278,2014-11-22,6.539,4522,2014,12,Adventure
35,270946,Penguins of Madagascar,en,12.6278,2014-11-22,6.539,4522,2014,35,Comedy
53,75656,Now You See Me,en,12.5595,2013-05-29,7.329,16935,2013,53,Thriller
80,75656,Now You See Me,en,12.5595,2013-05-29,7.329,16935,2013,80,Crime
878,87101,Terminator Genisys,en,12.6048,2015-06-23,5.96,9053,2015,878,Science Fiction
28,87101,Terminator Genisys,en,12.6048,2015-06-23,5.96,9053,2015,28,Action
53,87101,Terminator Genisys,en,12.6048,2015-06-23,5.96,9053,2015,53,Thriller
878,119450,Dawn of the Planet of the Apes,en,12.032,2014-07-08,7.34,12329,2014,878,Science Fiction
28,119450,Dawn of the Planet of the Apes,en,12.032,2014-07-08,7.34,12329,2014,28,Action
18,119450,Dawn of the Planet of the Apes,en,12.032,2014-07-08,7.34,12329,2014,18,Drama
53,119450,Dawn of the Planet of the Apes,en,12.032,2014-07-08,7.34,12329,2014,53,Thriller
18,3782,Ikiru,ja,13.428,1952-10-09,8.3,1369,1952,18,Drama
12,605,The Matrix Revolutions,en,13.75,2003-11-05,6.755,10944,2003,12,Adventure
28,605,The Matrix Revolutions,en,13.75,2003-11-05,6.755,10944,2003,28,Action
53,605,The Matrix Revolutions,en,13.75,2003-11-05,6.755,10944,2003,53,Thriller
878,605,The Matrix Revolutions,en,13.75,2003-11-05,6.755,10944,2003,878,Science Fiction
27,531309,Brightburn,en,12.87,2019-05-09,6.155,3522,2019,27,Horror
878,531309,Brightburn,en,12.87,2019-05-09,6.155,3522,2019,878,Science Fiction
18,531309,Brightburn,en,12.87,2019-05-09,6.155,3522,2019,18,Drama
28,4327,Charlie's Angels,en,11.6674,2000-11-02,5.852,4559,2000,28,Action
35,4327,Charlie's Angels,en,11.6674,2000-11-02,5.852,4559,2000,35,Comedy
12,4327,Charlie's Angels,en,11.6674,2000-11-02,5.852,4559,2000,12,Adventure
28,602,Independence Day,en,12.4844,1996-07-02,6.9,10566,1996,28,Action
12,602,Independence Day,en,12.4844,1996-07-02,6.9,10566,1996,12,Adventure
878,602,Independence Day,en,12.4844,1996-07-02,6.9,10566,1996,878,Science Fiction
28,10528,Sherlock Holmes,en,11.1347,2009-12-23,7.222,14884,2009,28,Action
12,10528,Sherlock Holmes,en,11.1347,2009-12-23,7.222,14884,2009,12,Adventure
9648,10528,Sherlock Holmes,en,11.1347,2009-12-23,7.222,14884,2009,9648,Mystery
28,359410,Road House,en,15.4845,2024-03-08,6.942,3125,2024,28,Action
53,359410,Road House,en,15.4845,2024-03-08,6.942,3125,2024,53,Thriller
18,359410,Road House,en,15.4845,2024-03-08,6.942,3125,2024,18,Drama
18,64690,Drive,en,13.6592,2011-09-15,7.6,13779,2011,18,Drama
53,64690,Drive,en,13.6592,2011-09-15,7.6,13779,2011,53,Thriller
80,64690,Drive,en,13.6592,2011-09-15,7.6,13779,2011,80,Crime
35,9820,The Parent Trap,en,12.6182,1998-07-28,7.2,4572,1998,35,Comedy
10751,9820,The Parent Trap,en,12.6182,1998-07-28,7.2,4572,1998,10751,Family
10749,9820,The Parent Trap,en,12.6182,1998-07-28,7.2,4572,1998,10749,Romance
18,682507,Where the Crawdads Sing,en,12.0983,2022-07-14,7.523,2351,2022,18,Drama
9648,682507,Where the Crawdads Sing,en,12.0983,2022-07-14,7.523,2351,2022,9648,Mystery
10749,682507,Where the Crawdads Sing,en,12.0983,2022-07-14,7.523,2351,2022,10749,Romance
16,38055,Megamind,en,11.8388,2010-10-28,7.034,7560,2010,16,Animation
28,38055,Megamind,en,11.8388,2010-10-28,7.034,7560,2010,28,Action
35,38055,Megamind,en,11.8388,2010-10-28,7.034,7560,2010,35,Comedy
10751,38055,Megamind,en,11.8388,2010-10-28,7.034,7560,2010,10751,Family
878,38055,Megamind,en,11.8388,2010-10-28,7.034,7560,2010,878,Science Fiction
28,799583,The Ministry of Ungentlemanly Warfare,en,11.3497,2024-04-18,7.006,1958,2024,28,Action
35,799583,The Ministry of Ungentlemanly Warfare,en,11.3497,2024-04-18,7.006,1958,2024,35,Comedy
10752,799583,The Ministry of Ungentlemanly Warfare,en,11.3497,2024-04-18,7.006,1958,2024,10752,War
27,1008042,Talk to Me,en,10.8275,2023-07-26,7.141,3846,2023,27,Horror
28,188927,Star Trek Beyond,en,11.9978,2016-07-07,6.793,7166,2016,28,Action
12,188927,Star Trek Beyond,en,11.9978,2016-07-07,6.793,7166,2016,12,Adventure
878,188927,Star Trek Beyond,en,11.9978,2016-07-07,6.793,7166,2016,878,Science Fiction
27,1034541,Terrifier 3,en,12.5109,2024-10-09,6.781,1996,2024,27,Horror
37,966,The Magnificent Seven,en,10.1519,1960-10-12,7.504,2019,1960,37,Western
28,966,The Magnificent Seven,en,10.1519,1960-10-12,7.504,2019,1960,28,Action
12,966,The Magnificent Seven,en,10.1519,1960-10-12,7.504,2019,1960,12,Adventure
18,966,The Magnificent Seven,en,10.1519,1960-10-12,7.504,2019,1960,18,Drama
16,585083,Hotel Transylvania: Transformania,en,11.4258,2022-01-31,7.028,3055,2022,16,Animation
35,585083,Hotel Transylvania: Transformania,en,11.4258,2022-01-31,7.028,3055,2022,35,Comedy
10751,585083,Hotel Transylvania: Transformania,en,11.4258,2022-01-31,7.028,3055,2022,10751,Family
12,585083,Hotel Transylvania: Transformania,en,11.4258,2022-01-31,7.028,3055,2022,12,Adventure
14,585083,Hotel Transylvania: Transformania,en,11.4258,2022-01-31,7.028,3055,2022,14,Fantasy
12,1098006,Fountain of Youth,en,12.6229,2025-05-19,6.251,965,2025,12,Adventure
14,1098006,Fountain of Youth,en,12.6229,2025-05-19,6.251,965,2025,14,Fantasy
9648,1098006,Fountain of Youth,en,12.6229,2025-05-19,6.251,965,2025,9648,Mystery
878,8077,Alien³,en,12.7805,1992-05-22,6.389,6453,1992,878,Science Fiction
28,8077,Alien³,en,12.7805,1992-05-22,6.389,6453,1992,28,Action
27,8077,Alien³,en,12.7805,1992-05-22,6.389,6453,1992,27,Horror
27,41439,Saw 3D,en,12.0559,2010-10-22,5.977,3342,2010,27,Horror
80,41439,Saw 3D,en,12.0559,2010-10-22,5.977,3342,2010,80,Crime
18,661539,A Complete Unknown,en,12.3944,2024-12-25,7.064,1493,2024,18,Drama
10402,661539,A Complete Unknown,en,12.3944,2024-12-25,7.064,1493,2024,10402,Music
10752,530915,1917,en,12.55,2019-12-25,7.985,13690,2019,10752,War
18,530915,1917,en,12.55,2019-12-25,7.985,13690,2019,18,Drama
36,530915,1917,en,12.55,2019-12-25,7.985,13690,2019,36,History
12,748783,The Garfield Movie,en,12.0217,2024-04-30,6.982,1465,2024,12,Adventure
16,748783,The Garfield Movie,en,12.0217,2024-04-30,6.982,1465,2024,16,Animation
35,748783,The Garfield Movie,en,12.0217,2024-04-30,6.982,1465,2024,35,Comedy
10751,748783,The Garfield Movie,en,12.0217,2024-04-30,6.982,1465,2024,10751,Family
10749,1136867,Materialists,en,12.1032,2025-06-12,6.278,1372,2025,10749,Romance
18,1136867,Materialists,en,12.1032,2025-06-12,6.278,1372,2025,18,Drama
14,611698,A Writer's Odyssey,zh,10.9243,2021-02-12,7.061,369,2021,14,Fantasy
28,611698,A Writer's Odyssey,zh,10.9243,2021-02-12,7.061,369,2021,28,Action
12,611698,A Writer's Odyssey,zh,10.9243,2021-02-12,7.061,369,2021,12,Adventure
18,611698,A Writer's Odyssey,zh,10.9243,2021-02-12,7.061,369,2021,18,Drama
28,454626,Sonic the Hedgehog,en,12.7063,2020-02-12,7.279,10466,2020,28,Action
878,454626,Sonic the Hedgehog,en,12.7063,2020-02-12,7.279,10466,2020,878,Science Fiction
35,454626,Sonic the Hedgehog,en,12.7063,2020-02-12,7.279,10466,2020,35,Comedy
10751,454626,Sonic the Hedgehog,en,12.7063,2020-02-12,7.279,10466,2020,10751,Family
53,161,Ocean's Eleven,en,11.9262,2001-12-07,7.463,12692,2001,53,Thriller
80,161,Ocean's Eleven,en,11.9262,2001-12-07,7.463,12692,2001,80,Crime
18,122906,About Time,en,11.5709,2013-09-04,7.907,9366,2013,18,Drama
10749,122906,About Time,en,11.5709,2013-09-04,7.907,9366,2013,10749,Romance
14,122906,About Time,en,11.5709,2013-09-04,7.907,9366,2013,14,Fantasy
14,141,Donnie Darko,en,11.5981,2001-01-19,7.762,13543,2001,14,Fantasy
18,141,Donnie Darko,en,11.5981,2001-01-19,7.762,13543,2001,18,Drama
9648,141,Donnie Darko,en,11.5981,2001-01-19,7.762,13543,2001,9648,Mystery
16,137106,The Lego Movie,en,11.4639,2014-02-06,7.431,8578,2014,16,Animation
10751,137106,The Lego Movie,en,11.4639,2014-02-06,7.431,8578,2014,10751,Family
12,137106,The Lego Movie,en,11.4639,2014-02-06,7.431,8578,2014,12,Adventure
35,137106,The Lego Movie,en,11.4639,2014-02-06,7.431,8578,2014,35,Comedy
14,137106,The Lego Movie,en,11.4639,2014-02-06,7.431,8578,2014,14,Fantasy
28,1011477,Karate Kid: Legends,en,11.3936,2025-05-08,6.971,1245,2025,28,Action
12,1011477,Karate Kid: Legends,en,11.3936,2025-05-08,6.971,1245,2025,12,Adventure
18,1011477,Karate Kid: Legends,en,11.3936,2025-05-08,6.971,1245,2025,18,Drama
53,804150,Cocaine Bear,en,11.5885,2023-02-22,5.99,2477,2023,53,Thriller
35,804150,Cocaine Bear,en,11.5885,2023-02-22,5.99,2477,2023,35,Comedy
80,804150,Cocaine Bear,en,11.5885,2023-02-22,5.99,2477,2023,80,Crime
16,44896,Rango,en,12.5427,2011-03-02,6.913,7206,2011,16,Animation
35,44896,Rango,en,12.5427,2011-03-02,6.913,7206,2011,35,Comedy
10751,44896,Rango,en,12.5427,2011-03-02,6.913,7206,2011,10751,Family
37,44896,Rango,en,12.5427,2011-03-02,6.913,7206,2011,37,Western
12,44896,Rango,en,12.5427,2011-03-02,6.913,7206,2011,12,Adventure
28,141052,Justice League,en,12.3746,2017-11-15,6.07,13776,2017,28,Action
12,141052,Justice League,en,12.3746,2017-11-15,6.07,13776,2017,12,Adventure
878,141052,Justice League,en,12.3746,2017-11-15,6.07,13776,2017,878,Science Fiction
16,412117,The Secret Life of Pets 2,en,12.4748,2019-05-24,6.954,3368,2019,16,Animation
35,412117,The Secret Life of Pets 2,en,12.4748,2019-05-24,6.954,3368,2019,35,Comedy
10751,412117,The Secret Life of Pets 2,en,12.4748,2019-05-24,6.954,3368,2019,10751,Family
12,412117,The Secret Life of Pets 2,en,12.4748,2019-05-24,6.954,3368,2019,12,Adventure
18,14574,The Boy in the Striped Pyjamas,en,11.3731,2008-05-07,7.823,7741,2008,18,Drama
10752,14574,The Boy in the Striped Pyjamas,en,11.3731,2008-05-07,7.823,7741,2008,10752,War
36,14574,The Boy in the Striped Pyjamas,en,11.3731,2008-05-07,7.823,7741,2008,36,History
18,281338,War for the Planet of the Apes,en,12.1222,2017-07-11,7.221,9813,2017,18,Drama
878,281338,War for the Planet of the Apes,en,12.1222,2017-07-11,7.221,9813,2017,878,Science Fiction
10752,281338,War for the Planet of the Apes,en,12.1222,2017-07-11,7.221,9813,2017,10752,War
16,11544,Lilo & Stitch,en,11.6972,2002-06-21,7.562,7155,2002,16,Animation
10751,11544,Lilo & Stitch,en,11.6972,2002-06-21,7.562,7155,2002,10751,Family
35,11544,Lilo & Stitch,en,11.6972,2002-06-21,7.562,7155,2002,35,Comedy
878,11544,Lilo & Stitch,en,11.6972,2002-06-21,7.562,7155,2002,878,Science Fiction
18,467244,The Zone of Interest,en,11.7205,2023-12-15,7.011,2670,2023,18,Drama
36,467244,The Zone of Interest,en,11.7205,2023-12-15,7.011,2670,2023,36,History
10752,467244,The Zone of Interest,en,11.7205,2023-12-15,7.011,2670,2023,10752,War
27,565,The Ring,en,12.3694,2002-10-18,6.708,6761,2002,27,Horror
9648,565,The Ring,en,12.3694,2002-10-18,6.708,6761,2002,9648,Mystery
28,257344,Pixels,en,11.7196,2015-07-16,5.784,8108,2015,28,Action
35,257344,Pixels,en,11.7196,2015-07-16,5.784,8108,2015,35,Comedy
878,257344,Pixels,en,11.7196,2015-07-16,5.784,8108,2015,878,Science Fiction
28,10196,The Last Airbender,en,10.98,2010-06-30,4.647,4303,2010,28,Action
12,10196,The Last Airbender,en,10.98,2010-06-30,4.647,4303,2010,12,Adventure
14,10196,The Last Airbender,en,10.98,2010-06-30,4.647,4303,2010,14,Fantasy
16,378064,A Silent Voice: The Movie,ja,13.1282,2016-09-17,8.396,4580,2016,16,Animation
18,378064,A Silent Voice: The Movie,ja,13.1282,2016-09-17,8.396,4580,2016,18,Drama
10749,378064,A Silent Voice: The Movie,ja,13.1282,2016-09-17,8.396,4580,2016,10749,Romance
12,24021,The Twilight Saga: Eclipse,en,10.5425,2010-06-23,6.192,9309,2010,12,Adventure
14,24021,The Twilight Saga: Eclipse,en,10.5425,2010-06-23,6.192,9309,2010,14,Fantasy
18,24021,The Twilight Saga: Eclipse,en,10.5425,2010-06-23,6.192,9309,2010,18,Drama
10749,24021,The Twilight Saga: Eclipse,en,10.5425,2010-06-23,6.192,9309,2010,10749,Romance
10749,829560,The Next 365 Days,pl,11.54,2022-08-18,6.38,1329,2022,10749,Romance
18,829560,The Next 365 Days,pl,11.54,2022-08-18,6.38,1329,2022,18,Drama
878,185,A Clockwork Orange,en,12.4995,1971-10-28,8.175,13943,1971,878,Science Fiction
80,185,A Clockwork Orange,en,12.4995,1971-10-28,8.175,13943,1971,80,Crime
36,665,Ben-Hur,en,12.4299,1959-11-18,7.89,3186,1959,36,History
18,665,Ben-Hur,en,12.4299,1959-11-18,7.89,3186,1959,18,Drama
12,665,Ben-Hur,en,12.4299,1959-11-18,7.89,3186,1959,12,Adventure
12,954,Mission: Impossible,en,11.2487,1996-05-22,7.026,10088,1996,12,Adventure
28,954,Mission: Impossible,en,11.2487,1996-05-22,7.026,10088,1996,28,Action
53,954,Mission: Impossible,en,11.2487,1996-05-22,7.026,10088,1996,53,Thriller
12,166426,Pirates of the Caribbean: Dead Men Tell No Tales,en,12.0901,2017-05-23,6.7,12923,2017,12,Adventure
28,166426,Pirates of the Caribbean: Dead Men Tell No Tales,en,12.0901,2017-05-23,6.7,12923,2017,28,Action
14,166426,Pirates of the Caribbean: Dead Men Tell No Tales,en,12.0901,2017-05-23,6.7,12923,2017,14,Fantasy
18,770,Gone with the Wind,en,12.0341,1939-12-15,7.908,4423,1939,18,Drama
10752,770,Gone with the Wind,en,12.0341,1939-12-15,7.908,4423,1939,10752,War
10749,770,Gone with the Wind,en,12.0341,1939-12-15,7.908,4423,1939,10749,Romance
12,254,King Kong,en,11.6649,2005-12-12,6.895,8587,2005,12,Adventure
18,254,King Kong,en,11.6649,2005-12-12,6.895,8587,2005,18,Drama
28,254,King Kong,en,11.6649,2005-12-12,6.895,8587,2005,28,Action
27,949423,Pearl,en,10.9188,2022-09-16,7.232,2657,2022,27,Horror
12,646,Dr. No,en,11.6437,1962-10-07,6.985,4109,1962,12,Adventure
28,646,Dr. No,en,11.6437,1962-10-07,6.985,4109,1962,28,Action
53,646,Dr. No,en,11.6437,1962-10-07,6.985,4109,1962,53,Thriller
35,10830,Matilda,en,11.6651,1996-08-02,7.18,4863,1996,35,Comedy
10751,10830,Matilda,en,11.6651,1996-08-02,7.18,4863,1996,10751,Family
14,10830,Matilda,en,11.6651,1996-08-02,7.18,4863,1996,14,Fantasy
10749,61979,Three Steps Above Heaven,es,11.6395,2010-12-03,7.732,3257,2010,10749,Romance
18,61979,Three Steps Above Heaven,es,11.6395,2010-12-03,7.732,3257,2010,18,Drama
16,16859,Kiki's Delivery Service,ja,12.624,1989-07-29,7.839,4644,1989,16,Animation
10751,16859,Kiki's Delivery Service,ja,12.624,1989-07-29,7.839,4644,1989,10751,Family
14,16859,Kiki's Delivery Service,ja,12.624,1989-07-29,7.839,4644,1989,14,Fantasy
16,400155,Hotel Transylvania 3: Summer Vacation,en,11.8892,2018-06-28,6.848,4745,2018,16,Animation
35,400155,Hotel Transylvania 3: Summer Vacation,en,11.8892,2018-06-28,6.848,4745,2018,35,Comedy
10751,400155,Hotel Transylvania 3: Summer Vacation,en,11.8892,2018-06-28,6.848,4745,2018,10751,Family
14,400155,Hotel Transylvania 3: Summer Vacation,en,11.8892,2018-06-28,6.848,4745,2018,14,Fantasy
27,21484,Possession,en,11.765,1981-05-27,7.3,1368,1981,27,Horror
27,508642,Gonjiam: Haunted Asylum,ko,13.4573,2018-03-28,7.269,973,2018,27,Horror
9648,508642,Gonjiam: Haunted Asylum,ko,13.4573,2018-03-28,7.269,973,2018,9648,Mystery
18,1241983,Train Dreams,en,12.4917,2025-11-05,7.313,1080,2025,18,Drama
28,22538,Scott Pilgrim vs. the World,en,11.5416,2010-08-12,7.486,8707,2010,28,Action
35,22538,Scott Pilgrim vs. the World,en,11.5416,2010-08-12,7.486,8707,2010,35,Comedy
10749,22538,Scott Pilgrim vs. the World,en,11.5416,2010-08-12,7.486,8707,2010,10749,Romance
53,27578,The Expendables,en,10.5049,2010-08-07,6.253,8365,2010,53,Thriller
12,27578,The Expendables,en,10.5049,2010-08-07,6.253,8365,2010,12,Adventure
28,27578,The Expendables,en,10.5049,2010-08-07,6.253,8365,2010,28,Action
27,474350,It Chapter Two,en,12.1792,2019-09-04,6.837,9724,2019,27,Horror
53,474350,It Chapter Two,en,12.1792,2019-09-04,6.837,9724,2019,53,Thriller
18,474350,It Chapter Two,en,12.1792,2019-09-04,6.837,9724,2019,18,Drama
